"verdict51129","4 StR 585/09","1","1","-1"
"verdict51130","4 StR 589/09","1","-1","1"
"verdict65764","IV ZR 390/12","-1","1","-1"
"verdict51106","IX ZA 45/09","-99","-99","-1"
"verdict65741","III ZR 345/12","1","1","-1"
"verdict26174","XII ZB 191/02","1","1","-1"
"verdict26126","3 StR 386/02","1","1","1"
"verdict41762","AnwZ (B) 91/06","-1","-1","-1"
"verdict41737","XI ZR 311/06","-1","-1","-1"
"verdict75079","3 StR 13/16","-1","1","1"
"verdict75081","3 StR 204/16","-1","-1","-1"
"verdict51077","V ZA 20/09","-99","-99","-1"
"verdict51054","2 StR 498/09","-1","-1","-1"
"verdict51029","XI ZR 116/09","1","1","-1"
"verdict65676","VII ZR 155/11","1","1","-1"
"verdict26098","III ZR 365/02","-1","-1","-1"
"verdict75056","IX ZR 208/15","1","1","-1"
"verdict51006","3 StR 451/09","1","1","-1"
"verdict65653","VII ZR 227/12","1","1","-1"
"verdict41686","5 StR 401/07","-1","-1","-1"
"verdict41662","VI ZR 162/06","1","1","-1"
"verdict65629","4 StR 322/13","1","1","-1"
"verdict26050","VI ZB 79/02","1","1","-1"
"verdict26003","NotSt (Brfg) 3/02","1","1","-1"
"verdict26026","XII ZB 42/99","1","1","-1"
"verdict65577","1 StR 462/13","-1","-1","-1"
"verdict41961","VIII ZR 279/06","-1","-1","-1"
"verdict26313","5 StR 42/02","-1","-1","-1"
"verdict26314","IV ZA 1/03","-99","-1","-1"
"verdict65916","5 StR 386/13","1","1","-1"
"verdict41937","4 StR 424/07","1","1","-1"
"verdict26337","I ZB 29/01","-1","-1","-1"
"verdict41914","1 StR 302/07","1","1","-1"
"verdict75332","VI ZR 332/15","1","1","1"
"verdict51364","StB 34/09","1","1","-1"
"verdict51365","StB 52/09","-1","-1","-1"
"verdict65987","V ZB 2/13","1","1","-1"
"verdict26361","3 StR 121/03","1","1","-1"
"verdict65964","V ZB 181/12","-99","-99","-1"
"verdict26385","IV ZR 50/02","-1","-1","-1"
"verdict65941","III ZR 388/12","-1","-1","1"
"verdict41985","IX ZR 114/07","-99","-1","-1"
"verdict51277","3 StR 530/09","-1","-1","-1"
"verdict75232",,"-1","-99","-1"
"verdict75279","VIII ZR 176/15","-1","-1","-1"
"verdict75280","2 ARs 67/16","-99","1","-1"
"verdict41838","IX ZB 234/06","1","1","-1"
"verdict26214","3 StR 435/02","-1","-1","-1"
"verdict65888","1 StR 340/13","-1","-1","-1"
"verdict51253","4 StR 618/09","-1","-1","-1"
"verdict51229","EnZR 14/08","-1","-1","-1"
"verdict65864","5 StR 492/13","1","1","-1"
"verdict41885","IX ZR 105/06","-1","-1","-1"
"verdict65840","VIII ZR 280/12","-1","-1","-1"
"verdict26262","3 StR 145/03","-1","-1","-1"
"verdict65816","I ZR 216/11","1","1","-1"
"verdict75180","2 StR 82/16","-1","-1","-1"
"verdict51177","X ZR 82/07","1","-1","-1"
"verdict75108","1 StR 669/15","1","1","1"
"verdict75132","IX ZB 48/13","-1","-1","-1"
"verdict75156","4 StR 94/16","1","1","-1"
"verdict31912","XII ZB 57/03","-1","-1","-1"
"verdict80905","2 BGs 710/17","-1","-99","-1"
"verdict55974","KZR 41/09","-1","-1","-1"
"verdict41327","VIII ZR 310/06","1","1","-1"
"verdict55949","IX ZR 113/08","-99","-99","-1"
"verdict31983","VII ZR 340/03","1","1","-1"
"verdict31984","VI ZR 115/04","1","1","-1"
"verdict55950","V ZB 26/11","-99","-1","-1"
"verdict55926","IV ZR 130/09","1","1","-1"
"verdict31959","2 StR 536/04","-1","-1","-1"
"verdict31960","4 StR 570/04","-1","-1","1"
"verdict65254","4 StR 288/13","1","1","-1"
"verdict41299","IX ZR 1/07","-1","-1","1"
"verdict65230","IX ZR 26/13","-1","-1","-1"
"verdict41275","X ZB 15/06","-1","-1","-1"
"verdict65206","VI ZR 389/12","1","1","-1"
"verdict55898","II ZR 298/08","1","1","-1"
"verdict55874","1 StR 581/09","-99","-99","-1"
"verdict80806","I ZR 266/15","-1","-1","-1"
"verdict79828","VIII ZR 279/16","1","1","-1"
"verdict80829","AnwZ (Brfg) 10/17","-1","-1","-1"
"verdict80830","AnwZ (Brfg) 54/17","1","1","-1"
"verdict80831","AnwZ (Brfg) 66/17","-1","-1","-1"
"verdict79853","IX ZB 53/17","-1","-1","-1"
"verdict79805","4 StR 116/17","1","1","-1"
"verdict55850","VII ZR 135/10","-1","-1","-1"
"verdict31895","3 StR 230/04","1","1","-1"
"verdict41204","XII ZR 64/05","-1","-1","-1"
"verdict31872","VII ZR 276/03","1","1","-1"
"verdict55803","IX ZR 63/10","-1","-1","-1"
"verdict31848","4 StR 366/04","1","1","-1"
"verdict31824","IX ZB 134/04","-1","-1","-1"
"verdict80777",,"-99","-99","-1"
"verdict41175","1 StR 331/07","-1","-1","-1"
"verdict65118","IX ZR 311/12","-1","-1","-1"
"verdict55798","IX ZB 135/09","-1","-1","-1"
"verdict41152","5 StR 31/07","1","-99","-1"
"verdict41127","1 StR 402/07","-1","-1","-1"
"verdict41104","2 StR 315/07","-1","-1","-1"
"verdict55751","XII ZB 601/10","1","1","-1"
"verdict31796","3 StR 455/04","-1","-1","-1"
"verdict79729","VII ZR 36/17","-1","-1","1"
"verdict79730","2 StR 101/17","1","1","-1"
"verdict79753","2 StR 115/17","1","1","-1"
"verdict79754","3 StR 52/17","-1","-1","1"
"verdict65142","5 StR 283/13","-1","-1","-1"
"verdict80754","NotSt(Brfg) 3/17","-1","-1","-1"
"verdict41199","4 StR 274/07","-1","-1","-1"
"verdict79777","5 StR 407/17","-1","-1","-1"
"verdict41574","II ZR 248/06","-1","-1","-1"
"verdict65505","4 StR 316/13","-1","-1","-1"
"verdict41551","VII ZB 79/06","-99","-99","-1"
"verdict65453","V ZA 27/13","-99","-99","-1"
"verdict65430","1 StR 364/13","-99","-99","-1"
"verdict65429","1 StR 364/13","-1","-1","-1"
"verdict65406","I ZR 118/12","-1","-1","-1"
"verdict41451","IX ZA 8/07","-99","-99","-1"
"verdict41403","IX ZB 35/07","-1","-1","-1"
"verdict65377","2 ARs 267/13","-99","-99","-1"
"verdict65330","IV ZR 209/12","-1","-1","-1"
"verdict41375","1 StR 432/07","-1","-1","-1"
"verdict41351","5 StR 397/07","-1","-1","-1"
"verdict80930","I ZR 150/15","1","1","-1"
"verdict79953","4 StR 322/17","1","1","-1"
"verdict79952","4 StR 267/17","1","1","-1"
"verdict80977","5 StR 554/17","-1","-1","1"
"verdict75977","StB 24/16","-99","-99","1"
"verdict51998","I ZR 69/08","-1","-1","-1"
"verdict61319","3 StR 191/12","-1","-1","-1"
"verdict36387","2 StR 279/05","1","1","1"
"verdict51975","IX ZB 199/07","-1","-1","1"
"verdict36363","1 StR 154/06","-1","-1","-1"
"verdict36315","V ZR 163/05","1","1","-1"
"verdict36316","VII ZR 44/05","-1","-1","1"
"verdict75930","XI ZR 501/15","1","1","-1"
"verdict61366","1 StR 302/12","-1","-1","-1"
"verdict61343","IX ZR 160/11","1","1","-1"
"verdict51927","IX ZB 26/07","-1","-1","-1"
"verdict26971","AnwZ (B) 37/03","-1","-1","-1"
"verdict26924","V ZR 387/02","-1","-1","-1"
"verdict26947","IXa ZB 213/03","-99","-1","-1"
"verdict75866","4 StR 195/16","1","1","-1"
"verdict51875","4 StR 53/10","1","1","-1"
"verdict36239","VIII ZR 384/04","-1","-1","1"
"verdict75889","IV ZR 505/15","-1","-1","-1"
"verdict75890","VI ZR 126/15","1","1","-1"
"verdict26872","VI ZR 192/03","-1","-1","-1"
"verdict26895","IV ZB 32/02","-99","-1","-1"
"verdict61291","I ZR 43/11","1","1","1"
"verdict61267","VI ZR 344/11","-1","-1","-1"
"verdict61243","V ZB 103/12","-99","-99","-1"
"verdict51899","VI ZR 256/09","-99","-1","-1"
"verdict61191","IX ZA 14/12","-1","-1","-1"
"verdict51803","3 StR 88/10","1","1","-1"
"verdict26848","2 ARs 223/03","-99","-99","-1"
"verdict51804","3 StR 91/10","1","1","-1"
"verdict61554","II ZR 207/12","-1","-1","-1"
"verdict36598","3 StR 480/05","-1","-1","-1"
"verdict61530","AnwZ (Brfg) 39/11","-1","-1","-1"
"verdict61506","3 StR 274/12","1","1","1"
"verdict36551","II ZB 10/05","-1","-1","-1"
"verdict36503","XII ZR 23/05","1","1","-1"
"verdict36498","III ZR 183/05","-1","-1","-1"
"verdict61418","IX ZA 20/12","-99","-1","-1"
"verdict36451","IV ZA 19/05","-1","-1","-1"
"verdict61466","1 StR 98/12","-1","-1","-1"
"verdict36403","5 StR 42/06","-1","-1","1"
"verdict26561","I ZR 41/00","-1","-1","-1"
"verdict51516","3 StR 10/10","1","1","-1"
"verdict75518","V ZR 292/14","1","1","-1"
"verdict26584","2 StR 114/03","-1","-1","-1"
"verdict75543","IX ZB 46/15","-1","-1","-1"
"verdict26537","VIII ZR 91/02","-1","-1","-1"
"verdict51588","2 StR 524/09","-1","-1","-1"
"verdict51564","V ZB 51/10","1","1","1"
"verdict75467","5 StR 248/16","-1","-1","-1"
"verdict75466","5 StR 194/16","1","1","-1"
"verdict75491","4 StR 149/16","-1","-1","-1"
"verdict75419","V ZR 260/15","-1","-1","-1"
"verdict75443","IX ZB 63/15","-1","-1","1"
"verdict26413","V ZR 30/03","-1","-1","-1"
"verdict51464","AnwZ (B) 97/08","-99","-99","-1"
"verdict26485","IXa ZB 73/03","-1","-1","-1"
"verdict51441","1 StR 95/09","-1","-1","-1"
"verdict51417","5 StR 17/10","-1","-1","-1"
"verdict51388","2 StR 529/09","-1","-1","-1"
"verdict75355","AnwZ (Brfg) 10/16","-1","-1","-1"
"verdict75742","XII ZB 86/15","-1","-1","-1"
"verdict26795","IX ZR 89/02","1","1","-1"
"verdict26796","I ZR 214/00","1","1","-1"
"verdict36140","1 StR 120/06","-1","-1","-1"
"verdict36116","VIII ZB 100/04","-1","-1","-1"
"verdict75766","AnwZ (Brfg) 25/16","-1","-1","-1"
"verdict51740","IX ZR 66/08","-1","-1","-1"
"verdict51715","Xa ZR 52/08","1","1","-1"
"verdict75790","1 StR 5/16","1","1","-1"
"verdict61143","I ZR 178/10","1","1","-1"
"verdict61120","EnVR 40/10","-99","1","1"
"verdict61119","EnVR 39/10","-99","1","-1"
"verdict36187","III ZR 152/05","1","1","-1"
"verdict75718","I ZR 5/15","-1","-1","1"
"verdict61091","II ZR 88/11","1","1","-1"
"verdict61067","AnwZ (Brfg) 58/11","-1","-1","-1"
"verdict26724","VI ZR 44/03","-1","-1","-1"
"verdict26701","NotSt (Brfg) 5/02","-1","-1","-1"
"verdict51639","XI ZR 93/09","-1","-1","-1"
"verdict51640","5 StR 10/10","-1","-1","-1"
"verdict51641","5 StR 48/10","-1","-1","1"
"verdict51616","IV ZR 144/08","-1","-1","1"
"verdict26696","IX ZB 448/02","-1","-1","-1"
"verdict75666","IX ZB 20/16","-1","-1","-1"
"verdict26660","3 StR 239/03","-1","1","-1"
"verdict75689","III ZR 345/15","-1","-1","-1"
"verdict75691","III ZR 363/15","-1","-1","-1"
"verdict61020","2 StR 6/12","1","1","-1"
"verdict36039","III ZR 463/04","-1","-1","-1"
"verdict36041","IV ZR 153/04","-1","1","-1"
"verdict51664","IX ZB 272/09","-99","-99","-1"
"verdict26613","VIII ZB 136/02","1","1","-1"
"verdict69277","II ZB 4/14","-1","-1","-1"
"verdict45298","2 StR 375/08","1","1","-1"
"verdict45274","I ZB 108/07","-1","-1","-1"
"verdict70230","X ZR 81/13","1","-1","-1"
"verdict70278","IV ZR 452/14","-1","-1","-1"
"verdict59813","IX ZR 35/11","1","1","-1"
"verdict59814","V ZB 276/11","1","1","-1"
"verdict21212","AnwZ (B) 13/01","-99","-99","-1"
"verdict35811","4 StR 570/05","1","1","-1"
"verdict45251","5 StR 356/08","-1","-1","-1"
"verdict69205","VII ZB 22/13","1","1","-1"
"verdict60863","3 StR 99/12","1","1","-1"
"verdict59885","4 StR 669/11","1","1","-1"
"verdict60862","2 StR 572/11","-99","-99","-1"
"verdict21284","5 StR 150/00","1","1","-1"
"verdict45203","II ZR 204/07","1","1","-1"
"verdict35883","XII ZR 57/03","1","1","-1"
"verdict60838","VI ZB 76/11","-1","-1","-1"
"verdict59837","IX ZA 107/11","-1","-1","-1"
"verdict60815","V ZR 171/11","-1","1","-1"
"verdict69153","V ZB 123/14","1","1","-1"
"verdict45198","2 StR 332/08","1","1","-1"
"verdict69130","1 StR 304/14","-1","-1","-1"
"verdict21196","III ZR 285/01","-1","-1","-1"
"verdict21195","3 StR 176/00","1","1","-1"
"verdict69129","1 StR 166/07","-99","1","-1"
"verdict60786","IX ZB 252/11","-1","-1","-1"
"verdict45151","I ZB 2/06","-1","-1","-1"
"verdict60762","3 StR 72/12","1","1","1"
"verdict60763","3 StR 95/12","1","1","-1"
"verdict59785","IX ZA 33/11","-99","-1","-1"
"verdict70131","V ZB 39/14","1","1","-1"
"verdict70154","5 StR 549/14","-1","-1","-1"
"verdict35711","III ZR 383/02","-1","-1","-1"
"verdict35712","IV ZB 57/04","-1","-1","-1"
"verdict45126","3 StR 250/08","-1","-1","-1"
"verdict21148","IX ZB 30/01","-1","-1","-1"
"verdict59762","XII ZB 23/08","-1","-1","-1"
"verdict45103","AnwZ (B) 42/07","-99","-99","-1"
"verdict21172","IX ZR 492/00","-1","-1","-1"
"verdict60738","IX ZB 274/09","-1","-1","-1"
"verdict35783","2 StR 590/05","-1","-1","-1"
"verdict59738","IX ZR 92/08","1","1","-1"
"verdict21101","AnwZ(B) 52/00","-1","-1","1"
"verdict59714","V ZB 48/11","1","1","-1"
"verdict21125","2 StR 96/00","1","1","-1"
"verdict35758","2 StR 561/05","1","1","1"
"verdict69488","III ZR 156/13","-99","1","-1"
"verdict70465","5 StR 5/15","-1","-1","-1"
"verdict70488","III ZR 547/13","1","1","1"
"verdict21435","II ZB 23/01","-1","-1","-1"
"verdict45414","IX ZA 5/08","-99","-99","1"
"verdict70405","5 StR 594/14","1","1","-1"
"verdict45462","1 StR 496/08","-1","-1","-1"
"verdict45437","2 StR 366/08","-1","-1","-1"
"verdict69376","5 StR 296/14","1","1","-1"
"verdict69353","V ZB 115/13","1","1","-1"
"verdict45386","VI ZR 269/07","-1","-1","-1"
"verdict70329","IX ZR 79/13","-1","-1","-1"
"verdict70354","1 StR 302/13","1","1","-1"
"verdict70377","XI ZR 187/13","1","1","1"
"verdict21312","X ZB 22/00","-1","-1","1"
"verdict35958","IX ZR 121/03","1","1","-1"
"verdict60914","KZR 17/12","-99","-99","-1"
"verdict21336","5 StR 38/00","-1","1","-1"
"verdict35935","NotZ 39/05","-99","-99","-1"
"verdict69330","IV ZR 243/13","-1","-1","-1"
"verdict45362","XI ZR 500/07","-1","-1","-1"
"verdict69329","XII ZB 406/13","-1","-1","-1"
"verdict21383","2 ARs 24/00","-99","1","-1"
"verdict60986","5 StR 514/11","-1","-1","-1"
"verdict59985","3 StR 335/11","1","1","-1"
"verdict21359","5 StR 250/01","1","1","-1"
"verdict35982","II ZR 295/04","1","1","-1"
"verdict60937","1 StR 201/12","-1","-1","-1"
"verdict60938","IV ZR 141/11","1","1","-1"
"verdict21360","IX ZR 33/00","-1","-1","1"
"verdict59498","V ZA 3/12","-99","-99","-1"
"verdict60475","VI ZR 123/11","-1","-1","-1"
"verdict59474","I ZB 4/12","-1","-1","-1"
"verdict60452","VI ZR 329/10","1","1","-1"
"verdict59451","V ZB 260/11","-99","-99","1"
"verdict60427","X ZR 54/09","1","1","-1"
"verdict35496","2 StR 394/05","-1","-1","-1"
"verdict59427","XII ZB 231/11","-1","-1","-1"
"verdict60404","3 StR 64/12","1","1","1"
"verdict35472","IX ZR 152/01","-1","-1","-1"
"verdict59403","VII ZR 135/11","-1","-1","1"
"verdict35424","I ZR 5/03","1","1","-1"
"verdict35401","IX ZR 229/04","1","1","-1"
"verdict60327","V ZR 178/11","-1","-1","-1"
"verdict35396","4 StR 520/05","1","1","-1"
"verdict60304","III ZR 190/11","1","1","-1"
"verdict35372","3 StR 298/05","1","1","-1"
"verdict35373","3 StR 417/05","-1","-1","-1"
"verdict50972","VI ZR 33/09","1","1","-1"
"verdict35348","IX ZB 183/04","-1","-1","-1"
"verdict59303","I ZB 23/11","-1","-1","-1"
"verdict59304","III ZB 55/11","-1","-1","-1"
"verdict60399","1 StR 566/11","1","1","1"
"verdict74975","LwZB 2/15","-1","-1","-1"
"verdict74998","II ZR 318/15","1","1","-1"
"verdict60376","KVR 95/10","1","1","-1"
"verdict25933","2 StR 530/02","1","1","-1"
"verdict74903","AnwZ (Brfg) 14/16","-1","-1","-1"
"verdict25981","5 StR 423/02","-1","-1","-1"
"verdict50948","1 StR 661/09","1","1","-1"
"verdict49947","V ZR 122/09","-1","-1","-1"
"verdict35301","3 StR 406/05","1","1","-1"
"verdict25957","V ZR 261/02","-1","-1","-1"
"verdict49924","VIII ZR 217/06","1","1","-1"
"verdict45098","5 StR 15/08","1","1","-1"
"verdict45099","V ZB 1/08","-1","-1","-1"
"verdict69030","11121 und 11131/13","-1","-1","-1"
"verdict60698","AnwZ (Brfg) 48/11","-1","-1","-1"
"verdict70078","3 StR 493/14","-1","-1","-1"
"verdict45075","AnwZ(B) 62/07","-1","-1","-1"
"verdict21072","5 StR 273/00","1","1","1"
"verdict60675","5 StR 233/12","1","1","-1"
"verdict45027","4 StR 208/08","-1","-1","-1"
"verdict21096","4 StR 108/02","-1","1","-1"
"verdict59674","VIII ZB 65/11","1","1","-1"
"verdict60651","V ZB 206/11","-99","-99","-1"
"verdict70006","IV ZR 334/14","-1","-1","-1"
"verdict35612","2 StR 528/05","-1","-1","1"
"verdict35683","1 StR 278/05","1","1","-1"
"verdict59651","VIII ZR 205/11","1","1","-1"
"verdict21025","5 StR 278/01","-1","-1","-1"
"verdict59649","VIII ZB 100/11","1","1","-1"
"verdict60627","IX ZB 226/10","-1","-1","-1"
"verdict35660","III ZR 209/05","-1","-1","-1"
"verdict21048","AnwZ (B) 27/01","-1","-1","-1"
"verdict59626","IX ZB 255/11","-1","-1","-1"
"verdict35659","I ZR 108/04","1","1","-1"
"verdict21001","2 ARs 56/02","1","1","1"
"verdict60599","AK 17/12","1","1","-1"
"verdict60575","V ZB 138/11","-99","-99","-1"
"verdict59574","X ZR 115/09","-1","-1","-1"
"verdict35595","5 StR 457/05","1","-99","-1"
"verdict60504","IX ZR 205/09","-1","-1","-1"
"verdict35572","1 StR 407/05","1","1","-1"
"verdict35548","2 StR 547/05","1","1","-1"
"verdict59503","II ZR 266/09","1","-1","-1"
"verdict35524","3 StR 183/05","1","1","-1"
"verdict80491","3 StR 288/17","1","1","-1"
"verdict31501","IV ZR 244/02","-1","-1","-1"
"verdict31502","IX ZR 112/03","-1","-1","-1"
"verdict79418","VI ZR 52/16","-1","-1","-1"
"verdict80419","1 StR 554/16","-1","-1","-1"
"verdict55440","VIII ZR 296/09","-99","-99","-1"
"verdict79442","2 StR 257/17","1","1","-1"
"verdict79443","2 StR 414/16","-1","-1","1"
"verdict55416",,"-1","-99","-1"
"verdict31473","KVR 26/03","-1","-1","-1"
"verdict80443","3 StR 328/17","-1","-1","-1"
"verdict79466","5 StR 277/17","1","1","-1"
"verdict80466","5 StR 446/17","1","1","-1"
"verdict31425","IV ZR 416/02","-1","-1","-1"
"verdict55487","5 StR 471/10","-99","-99","-1"
"verdict80367","III ZR 389/15","1","1","-1"
"verdict79389","BLw 1/15","-1","-1","-1"
"verdict79391","I ZR 68/16","-1","-1","-1"
"verdict80391","III ZR 382/15","1","1","-1"
"verdict31361","IX ZB 301/03","1","1","-1"
"verdict31337","III ZR 381/03","-1","-1","-1"
"verdict69951","2 StR 361/14","-1","-1","-1"
"verdict55316","VII ZR 175/09","1","1","-1"
"verdict80319","AnwZ (Brfg) 42/17","-1","-1","-1"
"verdict45996","3 StR 275/08","1","1","-1"
"verdict70999","3 StR 50/15","1","1","-1"
"verdict80320","AnwZ (Brfg) 46/17","-1","-1","-1"
"verdict69903","III ZR 169/14","1","1","-1"
"verdict79366","5 StR 176/17","1","1","-1"
"verdict31314","1 StR 493/04","1","1","-1"
"verdict45948","XII ZB 147/08","-1","-1","1"
"verdict70904","XII ZB 156/12","1","1","-1"
"verdict55387","I ZR 197/07","-1","-1","-1"
"verdict55364","I ZB 75/09","1","1","-1"
"verdict69998","V ZB 55/14","1","1","-1"
"verdict70952","4 StR 65/15","1","1","-1"
"verdict55339","V ZB 297/10","-99","-99","-1"
"verdict55727","III ZA 3/11","-1","-1","-1"
"verdict55703","VII ZB 28/10","1","1","-1"
"verdict31724","V ZR 139/04","1","1","-1"
"verdict31701","4 StR 530/04","1","1","-1"
"verdict41040","IX ZR 77/06","-1","-1","-1"
"verdict41039","IX ZR 63/06","1","-1","-1"
"verdict55698","I ZA 1/11","-1","-1","-1"
"verdict80655","V ZR 301/16","-1","-1","-1"
"verdict55675","II ZR 301/08","-1","-1","-1"
"verdict80678","VI ZR 565/16","-1","-1","-1"
"verdict31696","X ZB 25/02","-99","-99","-1"
"verdict31672","2 ARs 471/04","-99","-99","-1"
"verdict79605","2 StR 344/15","-1","-1","-1"
"verdict79606","4 StR 297/17","-1","-1","-1"
"verdict65066","I ZR 174/11","1","1","-1"
"verdict41088","IV ZB 36/06","-99","-1","-1"
"verdict80618","I ZB 33/17","-1","-1","-1"
"verdict65043","VIII ZR 1/13","-99","1","-1"
"verdict79630","XII ZB 180/17","-1","-1","-1"
"verdict41064","VII ZR 5/06","1","1","-1"
"verdict80631","V ZR 251/17","-99","-99","-1"
"verdict65019","III ZR 31/12","1","1","1"
"verdict31648","I ZR 182/02","1","1","1"
"verdict31625","VI ZR 196/03","1","1","-1"
"verdict55575","IX ZA 9/11","-99","-1","-1"
"verdict79542","1 StR 633/16","1","1","-1"
"verdict55551","II ZB 2/10","-1","-1","-1"
"verdict31596","3 StR 442/04","1","1","-1"
"verdict79589","4 StR 216/17","-1","-1","-1"
"verdict31572","IX ZR 56/04","-1","-1","-1"
"verdict31573","I ZR 48/02","1","1","-1"
"verdict79590","4 StR 345/17","-1","-1","-1"
"verdict80591","1 StR 447/14","-99","-99","-1"
"verdict80590","1 StR 150/17","1","1","-1"
"verdict79517","2 StR 362/16","-1","1","-1"
"verdict55599","5 StR 43/11","-1","-1","-1"
"verdict55088","III ZA 2/09","-1","-1","1"
"verdict55065","3 StR 504/10","1","1","-1"
"verdict70688","1 StR 393/14","-1","-1","-1"
"verdict79031","2 StR 137/14","-1","-1","-1"
"verdict21723","IV ZR 150/01","1","1","-1"
"verdict79055","IV ZR 391/16","-1","-1","1"
"verdict79078","VI ZR 629/16","-1","-1","-1"
"verdict79080","IX ZB 10/17","-99","-1","-1"
"verdict80079","IX ZR 3/17","-1","-1","-1"
"verdict80081","IX ZR 267/16","-1","-1","-1"
"verdict80080","IX ZR 79/16","1","1","-1"
"verdict45637","1 StR 421/08","-1","-1","-1"
"verdict70641","V ZB 7/13","1","1","-1"
"verdict21635","V ZR 79/01","1","1","-1"
"verdict31086","2 ARs 329/04","-1","-99","1"
"verdict69687","IX ZB 16/14","1","1","-1"
"verdict31062","AnwZ (B) 22/04","-99","-99","-1"
"verdict69664","1 StR 233/14","1","1","-1"
"verdict45685","XI ZR 571/07","-1","-1","1"
"verdict45661","XII ZB 110/08","-1","-1","1"
"verdict31038","VIII ZB 107/03","1","1","-1"
"verdict45514","I ZR 7/06","1","1","-1"
"verdict21560","VIII ZR 135/01","1","1","-1"
"verdict21559","VIII ZB 6/02","1","1","1"
"verdict70541","II ZB 23/13","-1","-1","1"
"verdict21535","XI ZR 378/01","-1","-1","-1"
"verdict69564","4 StR 371/14","1","1","-1"
"verdict45585","IV ZB 24/07","-1","-1","-1"
"verdict69540","1 StR 474/14","1","1","-1"
"verdict21583","VII ZR 458/01","-99","-99","-1"
"verdict69516","II ZR 320/13","-1","-1","-1"
"verdict45538","I ZR 208/05","1","1","-1"
"verdict80243","I ZR 41/17","-1","-1","-1"
"verdict80244","RiZ(R) 1/17","-1","-1","-1"
"verdict21946","3 StR 160/02","1","1","-1"
"verdict21970","3 StR 240/02","-1","-1","-1"
"verdict80267","4 StR 430/17","1","1","-1"
"verdict21969","3 StR 239/02","1","1","1"
"verdict45901","1 StR 292/08","1","1","-1"
"verdict21922","4 StR 225/02","-1","-1","-1"
"verdict55216","I ZB 95/09","-1","-1","1"
"verdict45896","IX ZB 157/05","-1","-1","-1"
"verdict69839","V ZB 85/13","1","1","-1"
"verdict70864","IV ZR 372/14","-1","-1","-1"
"verdict69815","X ZR 35/11","-99","1","-1"
"verdict69816","XII ZB 353/12","-1","-1","-1"
"verdict79218","IX ZR 290/16","-1","-1","1"
"verdict70888","V ZB 200/13","-1","-1","-1"
"verdict79220","VIII ZB 20/17","-1","-1","-1"
"verdict80219","1 StR 517/17","1","1","-1"
"verdict80220","2 StR 161/17","1","1","-1"
"verdict21894","5 StR 516/01","1","1","-1"
"verdict79243","VI ZR 90/17","-1","-1","1"
"verdict45825","I ZR 183/06","1","1","-1"
"verdict55288","IX ZR 177/08","-1","-1","-1"
"verdict55264","4 StR 550/10","-1","-1","-1"
"verdict31285","VII ZR 385/02","1","1","-1"
"verdict70816","2 StR 388/14","1","1","-1"
"verdict69887","3 StR 451/14","1","1","-1"
"verdict31262","5 StR 376/03","1","1","-1"
"verdict45801","XII ZR 66/06","1","1","-1"
"verdict79143","EnVR 27/16","-99","-1","-1"
"verdict79166","4 StR 159/17","1","1","-1"
"verdict79167","4 StR 217/17","-1","-1","-1"
"verdict21846","AnwZ (B) 48/01","-1","-1","-1"
"verdict80155","V ZB 74/17","1","1","-1"
"verdict79191","VIII ZR 45/17","-1","-1","-1"
"verdict45761","2 StR 415/08","-1","-1","-1"
"verdict31137","III ZR 97/03","1","1","-1"
"verdict69716","2 StR 62/14","-1","-1","-1"
"verdict70741","VI ZR 490/13","1","1","-1"
"verdict31114","5 StR 480/04","1","1","-1"
"verdict70764","NotSt(Brfg) 2/14","1","1","-1"
"verdict21746","III ZR 207/01","1","1","-1"
"verdict79119","2 StR 331/16","-99","1","-1"
"verdict21770","II ZR 68/00","1","1","-1"
"verdict80108","3 StR 401/17","1","1","-1"
"verdict45713","3 StR 236/08","1","1","1"
"verdict55164","4 StR 16/11","-99","-1","-1"
"verdict55165","AK 4/11","-99","-99","-1"
"verdict55141","2 BGs 408/07","-99","-99","-1"
"verdict31162","2 StR 380/04","-1","-1","-1"
"verdict69763","V ZR 305/13","-1","-1","-1"
"verdict45785","IV ZB 13/08","1","1","-1"
"verdict55117","VII ZR 133/10","1","1","-1"
"verdict69740","1 StR 219/14","1","1","-1"
"verdict70717","2 StR 349/14","-1","-1","-1"
"verdict69739","1 StR 219/14","1","1","-1"
"verdict39412","IX ZB 278/05","-1","-1","-1"
"verdict39483","2 ARs 121/07","-99","-99","-1"
"verdict40484","VI ZR 70/06","1","1","-1"
"verdict40460","VII ZB 7/05","-1","-1","-1"
"verdict40459","VI ZR 275/06","-1","-1","-1"
"verdict39458","IX ZA 29/05","-1","-1","-1"
"verdict40436","5 StR 459/06","-1","-1","-1"
"verdict64398","2 StR 406/12","1","1","-1"
"verdict64375","4 StR 106/13","1","1","-1"
"verdict39383","4 StR 577/06","1","1","-1"
"verdict39384","5 StR 536/06","-1","-1","-1"
"verdict40384","I ZR 80/04","-99","-99","-1"
"verdict64327","5 StR 593/12","1","1","-1"
"verdict29956","2 StR 196/04","1","1","-1"
"verdict54912","1 StR 528/10","-1","-1","-1"
"verdict29955","2 StR 187/04","1","1","-1"
"verdict30956","XI ZR 337/03","-1","-1","-1"
"verdict29979","III ZR 93/03","-1","-1","-1"
"verdict78914","2 StR 481/16","-1","-1","-1"
"verdict30933","VIII ZR 355/03","-1","-1","-1"
"verdict29908","IXa ZB 29/04","-1","-1","-1"
"verdict29932","NotZ 11/04","-1","-1","1"
"verdict40359","I ZR 18/04","1","1","-1"
"verdict64303","5 StR 648/12","-1","-1","-1"
"verdict54983","V ZB 149/10","-1","-1","-1"
"verdict39359","XII ZR 161/04","-1","-1","-1"
"verdict54959","VIII ZR 87/10","1","1","-1"
"verdict29980","IXa ZB 326/03","-1","-1","-1"
"verdict54936","XI ZR 53/08","1","1","-1"
"verdict39312","II ZR 80/04","-99","-99","-1"
"verdict40296","VI ZR 196/06","1","1","-1"
"verdict64251","XI ZR 274/12","1","1","-1"
"verdict64252","XI ZR 431/10","1","1","1"
"verdict40273","2 StR 167/07","1","1","1"
"verdict39295","VIII ZR 2/07","1","1","-1"
"verdict64227","XII ZR 23/12","1","1","-1"
"verdict39272","2 ARs 48/07","-99","-99","-1"
"verdict78862","2 StR 364/16","1","1","1"
"verdict78886","26 und 28/14","-1","-1","-1"
"verdict64299","4 StR 165/13","1","1","-1"
"verdict39658","III ZB 108/06","-1","-1","1"
"verdict39635","AnwZ (B) 88/06","-1","-1","1"
"verdict64686","I ZR 51/11","-1","1","-1"
"verdict25060","IX ZB 464/02","-99","-99","-1"
"verdict50015","VI ZR 296/08","-1","-1","-1"
"verdict64662","I ZR 190/11","-1","-1","-1"
"verdict25036","IX ZR 117/02","-1","-1","-1"
"verdict39682","3 StR 92/07","-1","-1","-1"
"verdict40683","1 StR 267/07","-1","-1","-1"
"verdict49014","IX ZB 260/08","-99","-1","-1"
"verdict25059","II ZB 12/02","-1","-1","-1"
"verdict40660","VII ZR 199/06","1","1","-1"
"verdict40659","VI ZR 200/06","-1","-1","-1"
"verdict40512","III ZR 143/06","1","1","-1"
"verdict64538","II ZR 262/08","-99","1","-1"
"verdict39583","VII ZR 117/06","-1","-1","-1"
"verdict64515","1 StR 142/13","-1","-1","-1"
"verdict40560","3 StR 104/07","-1","-1","-1"
"verdict64486","2 StR 157/13","-1","-1","-1"
"verdict64463","5 StR 130/13","-1","-1","-1"
"verdict78603","1 StR 627/16","-1","-1","-1"
"verdict39001","VII ZR 112/06","1","1","-1"
"verdict30682","5 StR 589/03","-1","-1","-1"
"verdict29681","I ZB 27/03","1","1","-1"
"verdict29633","X ZR 234/02","1","1","-1"
"verdict54601","2 StR 356/10","-99","-99","-1"
"verdict29657","5 StR 173/04","1","1","-1"
"verdict30610","V ZR 15/04","-1","-1","-1"
"verdict54596","XII ZR 170/09","1","1","-1"
"verdict78599","1 StR 39/17","1","1","-1"
"verdict30593","IX ZB 293/03","1","-1","1"
"verdict30594","I ZR 288/01","1","1","-1"
"verdict29581","I ZB 26/02","-1","-1","-1"
"verdict30569","IX ZR 148/03","1","1","-1"
"verdict30570","IX ZR 285/02","-1","-1","1"
"verdict78527","V ZR 96/16","-1","-1","-1"
"verdict78551","4 StR 366/16","1","1","-1"
"verdict30546","I ZB 6/04","-1","-1","-1"
"verdict54524","III ZR 148/10","-1","-1","-1"
"verdict29545","5 StR 115/03","1","1","-1"
"verdict30523","IXa ZB 89/04","-99","1","1"
"verdict54501","5 StR 396/10","-99","-99","1"
"verdict54473","VIII ZR 287/09","-1","-1","-1"
"verdict30494","II ZR 393/01","1","1","-1"
"verdict78475","V ZR 188/16","-1","-1","-1"
"verdict54448","4 StR 513/10","1","1","-1"
"verdict30470","VI ZB 38/04","-1","-1","-1"
"verdict30446","3 StR 332/04","-1","-1","-1"
"verdict54425","3 StR 421/10","1","1","-1"
"verdict54497","5 StR 376/10","-99","-99","-1"
"verdict30833","3 StR 320/04","1","1","-1"
"verdict30809","VI ZR 32/04","1","1","1"
"verdict29856","4 StR 150/04","1","1","-1"
"verdict30810","V ZR 34/04","-1","-1","-1"
"verdict78838","XII ZB 590/16","-1","-1","1"
"verdict54859","4 StR 328/10","-1","-1","-1"
"verdict54860","4 StR 401/10","1","1","-1"
"verdict40224","XII ZB 188/06","-1","-1","-1"
"verdict54835","BLw 14/09","-1","-1","-1"
"verdict39200","VI ZR 274/05","-1","-1","-1"
"verdict40201","XII ZB 157/06","-1","-1","-1"
"verdict30881","VIII ZB 130/03","1","1","-1"
"verdict54812","V ZR 203/09","1","1","-1"
"verdict29881","V ZR 290/03","1","1","-1"
"verdict64152","IX ZB 141/11","-1","-1","-1"
"verdict40173","IV ZB 48/05","-1","-1","-1"
"verdict40150","X ZR 201/02","1","1","-1"
"verdict40148","V ZR 250/06","-1","-1","1"
"verdict39172","IV ZR 246/05","-1","-1","-1"
"verdict54784","2 StR 608/10","1","1","-1"
"verdict78751","2 StR 332/15","-1","-1","-1"
"verdict78774","IX ZR 238/15","1","1","-1"
"verdict64198","3 StR 101/13","-1","-1","-1"
"verdict64175","IX ZB 179/10","1","1","-1"
"verdict30709","II ZR 288/02","-99","-99","1"
"verdict29709","XII ZR 21/02","1","1","-1"
"verdict29733","I ZR 196/01","1","1","-1"
"verdict78703","2 BGs 703/16","-99","-99","-1"
"verdict54759","AnwZ (B) 46/10","-1","-1","-1"
"verdict39124","5 StR 400/06","1","1","-1"
"verdict54760","III ZR 127/10","-1","1","-1"
"verdict54736","AnwZ (B) 119/09","-1","-1","-1"
"verdict39100","I ZR 40/04","1","1","-1"
"verdict39101","IV ZR 249/05","1","1","-1"
"verdict30781","III ZR 380/03","-1","-1","1"
"verdict29756","3 StR 166/04","1","1","-1"
"verdict30757","VII ZR 172/03","-1","-1","-1"
"verdict30734","III ZR 169/04","1","1","-1"
"verdict40073","1 StR 88/07","-1","-1","-1"
"verdict78698","EnVR 57/15","1","1","-1"
"verdict39096","1 StR 627/06","1","1","1"
"verdict40049","VIII ZB 93/06","-1","-1","-1"
"verdict39072","IX ZR 216/05","1","1","-1"
"verdict39073","IX ZR 38/03","-1","-1","-1"
"verdict64004","I ZR 182/11","-1","-1","-1"
"verdict39048","III ZR 104/06","-1","-1","-1"
"verdict54672","IV ZR 141/10","-1","-99","1"
"verdict54648","AnwZ (B) 74/07","-99","-99","-1"
"verdict64099","VIII ZR 225/12","1","1","-1"
"verdict78651","1 StR 130/17","-1","-1","-1"
"verdict78675","1 StR 32/17","-1","-1","-1"
"verdict64052","XI ZR 46/11","1","1","-1"
"verdict59016","AnwZ (B) 5/11","-1","-1","1"
"verdict74652","XII ZB 397/15","1","1","-1"
"verdict49696","Xa ZR 72/06","-1","-1","-1"
"verdict50673","I ZB 36/09","-1","-1","-1"
"verdict50649","VI ZR 228/08","1","1","-1"
"verdict35037","IV ZR 98/05","-1","-1","-1"
"verdict49648","4 StR 366/09","-99","1","-1"
"verdict25670","I ZR 170/00","1","1","-1"
"verdict25669","IX ZR 76/99","1","1","-1"
"verdict74699","I ZR 168/14","1","1","-1"
"verdict25693","4 StR 27/03","1","1","-1"
"verdict50602","5 StR 465/09","-1","-1","-1"
"verdict60088","IV ZR 152/10","-1","-1","-1"
"verdict59087","X ZR 68/08","-99","-99","-1"
"verdict60065","I ZB 30/10","-1","-1","-1"
"verdict59064","I ZB 98/10","-1","-1","-1"
"verdict74604","V ZR 102/15","1","1","-1"
"verdict60041","1 StR 8/12","-1","-1","-1"
"verdict35085","VII ZB 79/05","-1","-1","-1"
"verdict50697","5 StR 392/09","-1","-1","-1"
"verdict74627","4 StR 111/16","1","1","-1"
"verdict35061","3 StR 393/05","-1","-1","-1"
"verdict49601","3 StR 601/08","1","1","-1"
"verdict25622","XII ZR 144/00","-1","-1","-1"
"verdict25646","5 StR 224/02","1","1","-1"
"verdict25594","1 StR 474/02","1","1","-1"
"verdict50549","4 StR 463/09","1","1","-1"
"verdict50550","5 StR 418/09","-1","-1","-1"
"verdict74540","V ZR 196/14","1","1","-1"
"verdict49548","IX ZR 239/08","-1","-1","-1"
"verdict50525","III ZR 47/08","1","1","-1"
"verdict49525","XI ZB 9/09","1","1","1"
"verdict50502","IX ZR 237/06","-1","-1","-1"
"verdict49501","I ZR 42/07","-1","-1","-1"
"verdict74516","VIII ZR 326/14","1","1","1"
"verdict49596","3 StR 299/09","-1","-1","-1"
"verdict25522","III ZR 224/01","1","1","-1"
"verdict59251","1 StR 551/11","-1","-1","1"
"verdict74899","XI ZR 176/15","1","1","-1"
"verdict60228","X ZA 1/12","-1","-1","-1"
"verdict35296","VIII ZR 4/05","1","1","-1"
"verdict50896","I ZR 76/07","1","1","-1"
"verdict59227","I ZR 187/10","1","1","-1"
"verdict60205","AnwZ (Brfg) 8/12","-99","-1","-1"
"verdict35272","AnwZ (B) 84/05","-1","-1","-1"
"verdict49895","IX ZR 219/08","-1","-1","1"
"verdict59204","IX ZR 159/09","-1","-1","-1"
"verdict49872","VI ZB 53/08","-1","-1","-1"
"verdict74804","3 StR 554/15","1","1","-1"
"verdict74827","5 StR 150/16","1","1","-1"
"verdict74851","5 StR 18/16","-1","-1","-1"
"verdict59275","3 StR 419/11","-99","-99","-1"
"verdict60252","IX ZB 192/11","-1","-1","-1"
"verdict35201","III ZR 439/04","1","1","-1"
"verdict49824","1 StR 478/09","-1","-1","-1"
"verdict49800","IX ZB 249/08","1","1","-1"
"verdict25845","NotZ 29/02","-1","-1","-1"
"verdict60116","IX ZR 207/10","1","1","-1"
"verdict59139","4 StR 543/11","1","1","-1"
"verdict74775","1 StR 38/16","-1","-1","-1"
"verdict35173","1 StR 466/05","-99","-99","-1"
"verdict59116","3 StR 427/11","1","1","-1"
"verdict50773","IX ZB 252/09","-1","-1","-1"
"verdict25793","1 StR 352/02","-1","-1","1"
"verdict35125","IX ZR 83/02","-1","-1","-1"
"verdict50748","V ZR 93/08","1","1","-1"
"verdict49772","2 StR 283/09","1","1","-1"
"verdict50725","LwZR 12/08","-99","-1","-1"
"verdict59187","3 StR 433/11","1","-1","-1"
"verdict60140","XI ZR 389/11","-1","-1","-1"
"verdict60141","XII ZR 35/09","1","1","-1"
"verdict74752","V ZA 3/16","-1","-1","-1"
"verdict59140","4 StR 591/11","1","1","-1"
"verdict49724","V ZB 76/09","1","1","1"
"verdict25746","I ZR 138/00","1","1","-1"
"verdict25769","NotZ 37/02","-1","-1","-1"
"verdict25722","I ZR 240/02","-1","-1","-1"
"verdict25235","3 StR 463/02","-1","-1","-1"
"verdict40871","2 StR 256/07","-1","-1","-1"
"verdict64837","II ZR 217/12","1","1","-1"
"verdict49214","3 StR 308/09","-1","-1","-1"
"verdict25259","VIII ZR 123/02","-1","1","-1"
"verdict64814","I ZB 56/12","1","1","-1"
"verdict39870","2 StR 144/07","1","1","-1"
"verdict40823","II ZR 30/06","1","-1","-1"
"verdict39846","1 StR 124/07","-1","-1","-1"
"verdict74217","1 StR 497/15","1","1","-1"
"verdict74241","IX ZB 61/15","-99","-99","-1"
"verdict49285","3 StR 228/09","1","1","1"
"verdict50286","VIII ZR 244/08","1","1","-1"
"verdict50238","XI ZR 332/08","1","1","-1"
"verdict64885","VIII ZR 360/12","1","1","-1"
"verdict25260","VIII ZR 141/02","1","1","1"
"verdict50214","VI ZB 25/09","1","1","-1"
"verdict25283","VI ZR 158/02","-1","-1","-1"
"verdict74165","XII ZB 258/15","1","1","-1"
"verdict74188","1 StR 383/15","1","1","-1"
"verdict74190","3 StR 34/16","-1","-1","-1"
"verdict64714","IX ZR 332/12","1","1","-1"
"verdict39771","I ZB 39/06","-1","-1","-1"
"verdict25135","1 StR 457/02","1","1","-1"
"verdict40735","IX ZB 82/03","-1","-1","-1"
"verdict40712","IX ZR 160/06","-1","-1","-1"
"verdict39711","AnwZ (B) 16/06","-1","-1","-1"
"verdict49162","II ZB 1/09","1","1","-1"
"verdict50163","AnwZ (B) 14/08","-1","-1","-1"
"verdict50138","VII ZR 229/08","-1","-1","-1"
"verdict50115","4 StR 368/09","1","1","-1"
"verdict64762","5 StR 178/13","-1","-1","-1"
"verdict49138","KZR 82/07","1","1","-1"
"verdict64737","2 StR 99/13","-1","-1","-1"
"verdict49114","1 StR 222/09","1","1","-1"
"verdict39794","2 StR 113/07","-1","-1","-1"
"verdict49086","5 StR 235/09","1","1","-1"
"verdict50087","3 StR 178/09","1","1","-1"
"verdict50063","3 StR 386/09","1","1","1"
"verdict74029","2 StR 202/15","1","1","-1"
"verdict74030","2 StR 425/15","-1","-1","-1"
"verdict74054","III ZB 78/15","1","1","-1"
"verdict74077","VI ZR 428/15","1","1","-1"
"verdict50437","XII ZR 210/08","1","1","-1"
"verdict25470","V ZR 175/02","-1","-1","-1"
"verdict74417","2 StR 535/12","-99","1","1"
"verdict50414","VII ZB 46/08","-1","-1","-1"
"verdict74441","VIII ZR 236/10","1","1","-1"
"verdict49413","IX ZB 51/09","-1","-1","-1"
"verdict25423","XII ZR 253/01","-1","-1","-1"
"verdict74464","2 StR 509/15","1","1","-1"
"verdict25446","X ZR 189/99","-1","-1","-1"
"verdict50486","III ZR 54/08","1","1","1"
"verdict49461","XI ZB 7/09","1","1","-1"
"verdict50462","VI ZB 69/08","-1","-1","-1"
"verdict74388","I ZR 133/14","-1","-1","-1"
"verdict25358","V ZR 389/01","1","1","-1"
"verdict50315","XII ZR 8/08","1","1","-1"
"verdict40994","I ZR 137/04","1","-1","-1"
"verdict49337","3 StR 264/09","-1","-1","-1"
"verdict64948","KVR 11/12","-1","-1","-1"
"verdict40971","3 StR 227/07","1","1","-1"
"verdict40970","3 StR 216/07","-1","-1","1"
"verdict64925","5 StR 233/13","-1","-1","1"
"verdict39994","IX ZR 118/04","-1","-1","-1"
"verdict25311","1 StR 473/02","-1","-1","-1"
"verdict39969","XII ZR 178/04","-1","-1","-1"
"verdict64902","VIII ZR 169/12","1","1","-1"
"verdict74341","EnZR 72/14","-1","-1","-1"
"verdict39970","1 StR 202/07","-1","-1","-1"
"verdict25334","XI ZR 145/02","-1","-1","1"
"verdict25335","1 StR 393/02","1","-1","-1"
"verdict39946","VII ZR 103/05","1","1","-1"
"verdict49385","IX ZB 171/09","-1","-1","-1"
"verdict50385","VIII ZR 305/09","-1","-1","-1"
"verdict50386","VIII ZB 44/09","-1","-1","-1"
"verdict49361","AnwZ (B) 42/08","-1","-1","-1"
"verdict64997","VIII ZR 76/13","-99","-99","-1"
"verdict50362","LwZR 11/09","-1","-1","-1"
"verdict50338","I ZR 33/08","-1","-1","-1"
"verdict64973","I ZR 189/11","-1","-1","-1"
"verdict40900","NotZ 80/07","-1","-1","-1"
"verdict39922","5 StR 102/07","-1","-1","-1"
"verdict74264","AnwZ (Brfg) 53/15","1","1","-1"
"verdict58583","KVZ 14/11","-1","-1","-1"
"verdict34509","II ZR 173/04","-99","-99","-1"
"verdict34510","II ZR 140/04","-1","-1","1"
"verdict58560","V ZR 82/11","-1","-1","-1"
"verdict58559","IV ZR 197/10","-1","-1","-1"
"verdict58536","4 StR 331/11","-1","-1","-1"
"verdict58512","IV ZR 40/09","1","1","-1"
"verdict34533","IV ZR 59/05","-1","-1","-1"
"verdict58484","4 StR 390/11","1","1","-1"
"verdict58459","V ZB 131/11","-1","-1","-1"
"verdict34481","1 StR 455/05","-1","-1","-1"
"verdict34457","V ZR 140/04","1","1","1"
"verdict58412","V ZB 284/10","-99","1","-1"
"verdict34434","5 StR 368/05","1","1","-1"
"verdict34409","XII ZB 25/05","-1","-1","-1"
"verdict44183","III ZR 82/07","1","1","-1"
"verdict44184","V ZB 142/07","-1","-1","-1"
"verdict34756","4 StR 464/05","-1","-1","-1"
"verdict19108","4 StR 154/00","1","1","-1"
"verdict19133","I ZB 37/00","-1","-1","-1"
"verdict34733","NotZ 26/05","-1","-1","-1"
"verdict20110","AnwZ (B) 43/00","-99","-99","-1"
"verdict20109","3 StR 44/01","1","1","-1"
"verdict34709","IX ZR 8/04","-1","-1","-1"
"verdict34708","IX ZB 85/04","-1","-1","-1"
"verdict44159","4 StR 150/08","1","1","-1"
"verdict20181","NotZ 4/01","-1","-1","-1"
"verdict44136","XII ZB 5/08","1","1","-1"
"verdict58783","5 StR 388/11","-1","-1","-1"
"verdict19156","IX ZB 16/01","-1","-1","-1"
"verdict44113","3 StR 53/08","1","1","-1"
"verdict20134","I ZB 11/01","-1","-1","-1"
"verdict58758","3 StR 375/11","1","1","1"
"verdict34779","VI ZR 274/04","-1","-1","-1"
"verdict20157","2 StR 152/00","1","1","-1"
"verdict58735","IX ZR 230/09","-1","-1","-1"
"verdict68051","XI ZR 405/12","-1","-1","-1"
"verdict44084","VIII ZR 133/07","1","1","-1"
"verdict68098","X ZR 100/13","-1","-99","-1"
"verdict34633","4 StR 341/05","-1","-1","1"
"verdict19008","5 StR 50/02","-1","-1","-1"
"verdict68003","2 StR 202/13","1","1","-1"
"verdict58683","XII ZR 210/09","-1","-1","-1"
"verdict20057","VI ZA 1/02","-99","-99","-1"
"verdict20058","3 StR 378/01","1","1","-1"
"verdict20081","1 StR 173/01","-1","1","-1"
"verdict20082","II ZB 10/00","-1","-1","-1"
"verdict58659","4 StR 252/11","1","1","-1"
"verdict19081","5 StR 142/00","1","1","-1"
"verdict19033","IX ZR 46/01","-99","-99","-1"
"verdict20010","VIII ZR 244/00","-1","-1","-1"
"verdict20011","3 StR 53/02","-1","-1","-1"
"verdict34681","BLw 17/05","-1","-1","-1"
"verdict19057","AnwZ (B) 42/01","-1","-1","-1"
"verdict34657","VII ZB 53/05","-1","-1","-1"
"verdict58612","IV ZR 172/10","1","1","-1"
"verdict58148","III ZB 61/11","-99","-1","1"
"verdict34170","3 StR 256/05","1","1","-1"
"verdict48781","I ZR 140/06","1","1","1"
"verdict34146","I ZR 279/02","-1","-1","-1"
"verdict73725","V ZR 202/14","-1","-1","-1"
"verdict73748","I ZB 15/15","-99","-99","-1"
"verdict58196","1 StR 367/11","-1","-1","-1"
"verdict73773","III ZB 88/15","1","1","-1"
"verdict58173","III ZR 211/10","-99","-1","1"
"verdict73796","3 StR 506/15","-1","-1","-1"
"verdict24707","XI ZR 86/02","-1","-1","-1"
"verdict48757","IV ZB 2/09","-1","-1","-1"
"verdict24778","1 StR 327/02","-1","-1","-1"
"verdict34123","2 StR 403/05","-1","-1","-1"
"verdict48710","III ZR 314/08","-1","-1","-1"
"verdict24731","III ZR 122/02","-1","-1","-1"
"verdict24755","NotZ 19/02","-1","-1","-1"
"verdict73697","VIII ZR 349/14","1","1","-1"
"verdict48693","IX ZB 63/08","-1","-1","-1"
"verdict48670","IX ZR 164/07","-1","-1","-1"
"verdict58002","IX ZR 109/08","-1","-1","1"
"verdict34047","IX ZR 209/03","-1","-1","-1"
"verdict48669","III ZB 91/07","-1","-1","-1"
"verdict73602","IX ZB 57/15","1","1","1"
"verdict73625","III ZR 304/15","-1","-1","-1"
"verdict58097","X ZR 68/10","-1","-1","-1"
"verdict58073","5 StR 363/11","-1","-1","1"
"verdict73650","VIII ZR 236/12","1","1","-1"
"verdict34094","XI ZR 392/04","-1","-1","-1"
"verdict24655","XII ZR 43/01","-1","-1","-1"
"verdict24679","VI ZB 23/02","-99","-99","-1"
"verdict24607","1 StR 247/02","-1","-1","-1"
"verdict24631","III ZR 19/02","1","1","-1"
"verdict24632","III ZR 35/01","-1","-1","1"
"verdict58395","BLw 6/11","-1","-1","-1"
"verdict58372","II ZR 87/10","-1","-1","-1"
"verdict58348","XII ZB 317/11","-1","-1","-1"
"verdict73960","V ZB 36/14","1","1","1"
"verdict73961","VI ZR 134/15","-99","1","-1"
"verdict24954","II ZR 101/02","1","1","-1"
"verdict73913","XII ZR 33/15","-1","-1","-1"
"verdict58325","3 StR 267/11","-1","-1","-1"
"verdict34358","II ZB 4/05","-1","-1","-1"
"verdict58301","3 StR 344/11","1","1","1"
"verdict48981","VIII ZR 218/08","1","1","-1"
"verdict34309","III ZR 31/05","1","1","-1"
"verdict34310","V ZR 242/04","-1","-1","-1"
"verdict24977","V ZB 52/02","-1","-1","-1"
"verdict34294","IX ZB 147/01","-1","-1","-1"
"verdict58248","2 StR 202/11","-1","-1","-1"
"verdict58225","5 StR 426/11","1","1","1"
"verdict34269","IX ZR 79/03","-1","-1","-1"
"verdict73859","I ZR 47/14","1","1","-1"
"verdict73861","I ZR 194/14","-1","-1","-1"
"verdict73884","3 StR 543/15","1","1","-1"
"verdict58296","VII ZB 18/10","-99","-1","1"
"verdict24806","VI ZB 14/02","-1","-1","-1"
"verdict24831","3 StR 354/02","-1","-1","-1"
"verdict58201","BLw 9/11","-1","-1","-1"
"verdict48881","I ZR 220/06","1","1","1"
"verdict48856","I ZB 85/08","-1","-1","-1"
"verdict48833","IX ZR 98/08","1","1","1"
"verdict48810","3 StR 223/09","1","1","-1"
"verdict48809","3 StR 219/09","1","1","-1"
"verdict24878","LwZR 7/02","1","1","-1"
"verdict19807","1 StR 135/01","1","1","-1"
"verdict68801","AnwZ 3/13","-99","-99","-1"
"verdict19878","X ZB 19/01","-1","-1","-1"
"verdict30200","X ZR 259/02","1","1","-1"
"verdict44822","V ZR 20/07","-99","-99","-1"
"verdict20867","III ZR 302/00","1","-1","-1"
"verdict20820","III ZR 7/00","-1","-1","-1"
"verdict19831","4 StR 268/01","1","1","-1"
"verdict19854","VIII ZB 24/01","1","1","-1"
"verdict44794","4 StR 245/08","-1","-1","-1"
"verdict29146","2 ARs 80/04","-1","-1","-1"
"verdict54114","2 StR 394/10","1","1","-1"
"verdict44771","3 StR 204/08","-1","-1","-1"
"verdict44770","3 StR 213/08","-1","-1","-1"
"verdict29170","X ZR 67/01","1","1","-1"
"verdict30147","5 StR 311/04","-1","-1","-1"
"verdict44746","5 StR 253/08","1","1","-1"
"verdict78141","2 BGs 355/16","-99","-99","-1"
"verdict68702","4 StR 270/14","1","1","-1"
"verdict68701","VI ZR 544/13","-99","-1","-1"
"verdict29123","KZR 39/02","-1","-1","1"
"verdict78164","4 StR 601/16","-1","-1","-1"
"verdict29194","XII ZB 208/00","1","1","-1"
"verdict54162","2 ARs 354/10","1","1","-1"
"verdict30194","X ZR 252/02","1","1","1"
"verdict68796","1 StR 207/14","1","1","-1"
"verdict30171","VIII ZR 321/03","1","1","-1"
"verdict68773","V ZB 167/14","-99","-1","-1"
"verdict54137","VII ZB 15/10","1","1","-1"
"verdict19743","BLw 39/01","-1","-1","-1"
"verdict78088","X ZB 6/15","1","1","-1"
"verdict20744","2 StR 219/01","-1","-1","-1"
"verdict19718","5 StR 432/00","1","1","-1"
"verdict20720","5 StR 27/02","1","1","-1"
"verdict20719","V ZB 1/00","-1","-1","-1"
"verdict29035","4 StR 3/04","1","1","-1"
"verdict44670","II ZR 151/07","-1","-1","-1"
"verdict30036","XII ZB 45/04","-1","-1","-1"
"verdict20692","4 StR 372/00","1","1","-1"
"verdict68625","VI ZB 15/14","1","1","-1"
"verdict29058","KZR 24/02","-1","-1","-1"
"verdict30012","X ZR 136/00","-1","-1","-1"
"verdict68602",,"-99","-99","-1"
"verdict19667","III ZB 57/00","-1","-1","-1"
"verdict29011","VI ZR 253/03","-1","-1","-1"
"verdict19691","4 StR 281/01","-99","-99","-1"
"verdict78041","III ZB 50/16","-1","-1","-1"
"verdict20667","2 StE 5/01","-99","-99","-1"
"verdict54086","5 StR 394/10","-99","-99","-1"
"verdict54062","3 StR 226/10","1","1","-1"
"verdict68673","5 StR 326/14","-1","-1","-1"
"verdict54038","II ZR 270/08","1","1","-1"
"verdict30083","V ZR 343/02","-1","-1","-1"
"verdict44694","I ZR 145/05","1","1","-1"
"verdict30059","II ZB 6/04","-1","-1","-1"
"verdict29082","VI ZR 203/03","-1","-1","-1"
"verdict30060","II ZB 7/04","-1","-1","-1"
"verdict29422","IX ZR 121/99","1","1","-1"
"verdict29446","IX ZB 168/03","-1","-1","-1"
"verdict29445","IXa ZB 74/04","-1","-1","-1"
"verdict30423","BLw 10/04","-1","-1","-1"
"verdict30394","4 StR 307/04","-1","-1","-1"
"verdict29393","IX ZB 225/03","1","1","-1"
"verdict78352","XI ZR 280/16","-1","-1","-1"
"verdict30371","VI ZR 358/03","-1","-1","1"
"verdict68972","4 StR 365/14","1","1","-1"
"verdict44993","I ZB 61/07","-1","-1","-1"
"verdict30347","5 StR 200/04","-1","-1","1"
"verdict54325","III ZR 260/09","-1","-1","-1"
"verdict29346","IXa ZB 243/03","1","1","-1"
"verdict44970","VII ZB 25/08","-1","-1","-1"
"verdict29370","X ZR 231/02","-99","-99","-1"
"verdict44969","VII ZB 7/08","1","1","-1"
"verdict54302","NotZ 4/10","-1","-1","-1"
"verdict78399","III ZB 61/16","-1","-1","-1"
"verdict29369","XII ZB 171/03","-1","-1","-1"
"verdict78304","StB 8/17","-1","-1","-1"
"verdict54397","III ZA 16/10","-99","-1","-1"
"verdict54373","IX ZR 186/10","-1","-1","-1"
"verdict78327","3 StR 5/17","1","1","-1"
"verdict20907","1 StR 333/01","1","1","-1"
"verdict20978","2 StR 261/01","1","1","-1"
"verdict44946","NotZ 82/07","-1","-1","1"
"verdict68901","VIII ZR 316/13","-1","-1","1"
"verdict44922","3 StR 193/08","1","1","-1"
"verdict29322","V ZB 46/03","-1","-1","-1"
"verdict19954","3 StR 387/01","1","1","-1"
"verdict19978","I ZB 25/01","-1","-1","-1"
"verdict20955","2 ARs 273/00","-99","-99","-1"
"verdict78216","XII ZB 259/16","-1","-1","-1"
"verdict30271","NotZ 20/03","-99","-99","-1"
"verdict68872","4 StR 163/14","1","1","-1"
"verdict44894","XI ZR 411/06","1","1","-1"
"verdict29294","VII ZR 397/02","1","1","-1"
"verdict54226","VI ZR 17/10","-1","-1","-1"
"verdict78240","3 StR 144/16","-1","-1","-1"
"verdict68848","III ZR 315/13","-1","-1","1"
"verdict44870","VII ZB 65/07","-1","-1","-1"
"verdict54202","VI ZR 128/10","-1","-1","-1"
"verdict20891","XII ZB 113/01","-1","-1","-1"
"verdict29222","VII ZB 8/04","-1","-1","-1"
"verdict68825","I ZA 8/14","-99","-99","-1"
"verdict30223","1 StR 192/04","-1","-1","-1"
"verdict54273","4 StR 386/10","1","1","-1"
"verdict68896","XII ZB 133/12","-1","-1","-1"
"verdict54250","IX ZA 46/10","-1","-1","-1"
"verdict68386","IX ZB 88/13","-1","-1","-1"
"verdict19419","V ZR 41/01","1","1","-1"
"verdict34992","II ZR 291/03","-1","-1","-1"
"verdict20333","4 StR 171/00","1","1","-1"
"verdict34968","4 StR 410/05","-1","-1","1"
"verdict58946",,"-99","-99","-1"
"verdict19368","XI ZR 157/00","1","1","-1"
"verdict20356","1 StR 379/00","-1","-1","-1"
"verdict19308","II ZR 2/00","1","1","-1"
"verdict19332","1 StR 176/01","1","1","1"
"verdict20309","I ZR 176/00","-1","-1","1"
"verdict68362","4 StR 195/14","1","1","-1"
"verdict68337","2 StR 14/14","1","1","-1"
"verdict44383","2 StR 577/07","-1","-1","-1"
"verdict44359","IX ZR 54/07","-1","-1","-1"
"verdict20381","VII ZR 70/01","1","1","1"
"verdict19392","2 StR 59/02","1","1","-1"
"verdict68314","2 BGs 129/14","1","1","-1"
"verdict58994","4 StR 618/11","1","1","-1"
"verdict68262","5 StR 65/14","-1","-1","-1"
"verdict34920","VII ZR 304/04","1","1","-1"
"verdict20210","5 StR 452/01","-1","-1","-1"
"verdict19256","XII ZB 31/01","-1","-1","-1"
"verdict58811","4 StR 344/11","1","1","-1"
"verdict34844","IX ZR 162/04","-1","-1","-1"
"verdict34821","IX ZR 296/01","-1","-1","-1"
"verdict68238","II ZR 289/13","1","1","1"
"verdict44260","3 StR 102/08","1","1","-1"
"verdict68215","3 StR 386/13","1","1","-1"
"verdict19279","4 StR 485/01","1","1","-1"
"verdict44235","VIII ZB 92/07","-1","-1","-1"
"verdict20257","4 StR 231/00","1","1","-1"
"verdict44212","3 StR 136/08","-1","-1","-1"
"verdict20281","IX ZR 327/00","-1","-1","-1"
"verdict34892","VI ZR 287/04","-1","-1","1"
"verdict44600","VI ZR 1/08","-1","-1","-1"
"verdict20644","1 ARs 2/00","-99","-99","-1"
"verdict19643","5 StR 57/01","-1","-1","-1"
"verdict19619","AnwZ (B) 23/00","-1","-1","-1"
"verdict68514","XI ZB 7/13","1","1","-1"
"verdict44546","2 StR 115/08","1","1","-1"
"verdict20592","1 StR 528/01","-1","-1","1"
"verdict20544","VII ZR 57/00","1","1","-1"
"verdict44523","II ZB 23/07","1","1","-1"
"verdict20567","3 StR 281/01","-99","-99","-1"
"verdict19567","3 StR 190/01","-1","-1","-1"
"verdict68585","VI ZR 315/13","1","1","-1"
"verdict44571","IX ZB 211/07","-1","-1","-1"
"verdict68537","4 StR 215/14","-1","-1","-1"
"verdict19519","4 StR 579/00","1","1","-1"
"verdict20521","V ZB 51/00","-1","-1","-1"
"verdict19520","AnwZ (B) 32/00","-1","-1","1"
"verdict20468","II ZB 8/01","-1","-1","-1"
"verdict44435","AnwZ (B) 38/08","-1","-1","-1"
"verdict19467","AnwZ (B) 5/00","1","-99","-1"
"verdict44412","XII ZR 136/05","-99","-99","-1"
"verdict20421","V ZR 16/00","1","1","-1"
"verdict20445","XII ARZ 6/00","-99","-1","-1"
"verdict19444","1 StR 167/01","1","1","-1"
"verdict68485","III ZR 177/12","1","1","-1"
"verdict68462","1 StR 129/14","1","1","-1"
"verdict68438","XII ZB 568/10","-1","-1","-1"
"verdict68437","X ZR 135/11","1","1","-1"
"verdict20492","3 StR 509/01","-1","-1","-1"
"verdict20493","V ZR 224/00","1","1","-1"
"verdict44483","NotZ 105/07","-1","-1","-1"
"verdict53709","IX ZR 178/09","-1","-1","-1"
"verdict28730","1 StR 83/04","-1","-1","-1"
"verdict28766","2 StR 378/03","-1","-1","-1"
"verdict77712","V ZA 13/17","-99","-99","-1"
"verdict28706","IXa ZB 286/03","-1","-1","1"
"verdict28729","1 StR 71/04","-1","-1","1"
"verdict77735","4 StR 346/16","-1","-1","-1"
"verdict63113","IX ZR 129/12","-1","-1","-1"
"verdict38157","2 StR 174/05","1","1","-1"
"verdict53781","IX ZR 76/08","-1","-1","1"
"verdict53757","VIII ZR 285/09","1","1","-1"
"verdict28789","IXa ZB 262/03","-1","-1","-1"
"verdict38110","V ZR 33/06","1","1","-1"
"verdict28790","IXa ZB 285/03","-1","-1","-1"
"verdict38109","IX ZR 251/03","-1","-1","-1"
"verdict63001","AnwZ (Brfg) 39/12","1","1","-1"
"verdict77636","4 StR 585/16","1","1","-1"
"verdict77660","2 StR 401/16","-1","-1","-1"
"verdict63096","I ZR 217/10","1","1","-1"
"verdict38010","3 StR 288/06","1","1","-1"
"verdict28654","BLw 4/04","-1","-1","-1"
"verdict38009","2 ARs 463/06","-1","-1","-1"
"verdict53609","2 StR 429/10","-1","-1","-1"
"verdict53610","2 StR 482/10","-1","-1","-1"
"verdict28677","VII ZR 247/02","1","1","-1"
"verdict53581","3 StR 297/10","1","1","-1"
"verdict53582","3 StR 552/08","1","1","-1"
"verdict77559","I ZR 257/15","-1","-1","1"
"verdict77584","EnVR 36/15","-1","-1","-1"
"verdict28989","2 StR 28/04","1","1","-1"
"verdict53944","IX ZB 120/09","-1","-1","1"
"verdict28988","2 StR 476/03","1","1","-1"
"verdict77935","VIII ZR 92/16","1","1","-1"
"verdict53921","XII ZB 22/10","1","1","-1"
"verdict28965","1 StR 1/04","-1","-1","-1"
"verdict77983","5 StR 81/17","1","1","-1"
"verdict63336","IX ZB 48/12","1","1","-1"
"verdict38381","5 StR 211/06","-1","-1","-1"
"verdict63313","VI ZR 241/12","-99","-99","-1"
"verdict63312","V ZR 280/11","-1","-1","-1"
"verdict53968","IX ZB 1/10","-1","-1","-1"
"verdict63284","4 StR 424/12","-1","-1","-1"
"verdict63261","IX ZR 173/11","-99","-99","-1"
"verdict77883","II ZR 59/16","-99","-99","-1"
"verdict28917","3 StR 10/04","1","1","-1"
"verdict28865","XI ZR 288/02","1","1","-1"
"verdict53810","3 StR 131/10","1","1","1"
"verdict38209","XI ZR 9/05","-1","-1","-1"
"verdict77812","I ZR 273/14","1","1","-1"
"verdict28888","IXa ZB 283/03","1","1","-1"
"verdict53809","2 StR 369/10","1","1","-1"
"verdict77836","IV ZR 435/15","-1","-1","-1"
"verdict77835","V ZR 124/16","-99","-99","-1"
"verdict28817","XII ZB 257/03","-1","-1","-1"
"verdict77859","5 StR 48/17","1","1","-1"
"verdict28842","VIII ZR 64/03","1","1","-1"
"verdict28841","VIII ZR 152/03","-1","-1","-1"
"verdict38281","1 StR 558/06","-1","-1","-1"
"verdict53881","3 StR 265/10","1","1","-1"
"verdict38233","XII ZR 285/02","1","-99","-1"
"verdict38210","XII ZR 136/05","1","-1","1"
"verdict53833","Xa ARZ 210/10","-99","-99","-1"
"verdict77759","4 StR 87/16","1","1","-1"
"verdict77760","4 StR 406/16","1","1","-1"
"verdict77784","1 StR 632/16","1","1","1"
"verdict43907","4 StR 634/07","1","1","-1"
"verdict18952","3 StR 463/00","-1","-1","-1"
"verdict43978","IV ZR 53/05","-1","-1","-1"
"verdict28332","2 StR 391/03","-1","-1","1"
"verdict28331","1 StR 517/03","-1","-1","-1"
"verdict67934","1 StR 516/13","1","1","-1"
"verdict28307","V ZR 449/02","1","1","-1"
"verdict18975","2 ARs 41/00","-99","-99","-1"
"verdict43931","3 StR 135/08","-1","-1","1"
"verdict53271","XII ZB 48/10","-1","-1","-1"
"verdict77249","XII ZB 346/15","1","1","1"
"verdict28291","2 StR 442/03","-1","-1","-1"
"verdict77250","2 StR 338/16","-1","-1","-1"
"verdict67882","AnwZ (Brfg) 12/14","-99","1","-1"
"verdict77273","StB 40/16","-1","-1","-1"
"verdict53246","3 StR 286/10","1","1","-1"
"verdict28267","III ZB 91/03","-1","-1","-1"
"verdict67857","VII ZR 199/13","1","1","-1"
"verdict53223","VIII ZB 12/10","-1","-1","-1"
"verdict18827","X ARZ 182/00","1","1","-1"
"verdict18804","III ZR 186/01","-1","-1","-1"
"verdict28220","2 ARs 359/03","1","1","-1"
"verdict43855","VI ZR 147/06","-1","-1","-1"
"verdict28219","X ARZ 363/03","-99","-99","-1"
"verdict18899","3 StR 22/00","-1","1","-1"
"verdict67810","StB 4/14","-1","-99","-1"
"verdict43832","4 StR 133/08","-1","1","1"
"verdict18852","AnwZ (B) 26/00","-1","-1","-1"
"verdict43807","V ZR 158/07","-1","-1","-1"
"verdict67793","VII ZB 28/13","-1","-1","-1"
"verdict67794","XI ZR 341/12","1","1","-1"
"verdict53147","2 StR 80/10","-1","-1","-1"
"verdict67770","AnwZ (Brfg) 7/14","-1","-1","1"
"verdict67769","V ZR 142/13","-1","-1","-1"
"verdict77149","I ZR 232/15","-1","-1","-1"
"verdict77150","I ZR 233/15","-1","-1","-1"
"verdict28144","VIII ZR 121/03","-1","-1","-1"
"verdict43779","IX ZR 136/07","1","1","-1"
"verdict67746","3 StR 48/14","1","1","1"
"verdict53100","IX ZR 13/09","-1","-1","-1"
"verdict28167","XI ZR 35/01","-1","-1","1"
"verdict43756","IX ZR 76/05","-1","-1","-1"
"verdict67723","IX ZB 93/13","1","1","-1"
"verdict53194","I ZR 96/08","-1","-1","-1"
"verdict53171","4 StR 282/10","1","1","-1"
"verdict77102","VI ZR 530/15","-1","-1","-1"
"verdict28506","I ZR 180/01","1","1","-1"
"verdict28578","II ZR 288/01","1","1","-1"
"verdict53534","2 StR 360/10","1","1","-1"
"verdict53511","VI ZA 3/09","-1","-1","-1"
"verdict28531","XI ZB 37/03","1","1","-1"
"verdict28554","VII ZR 426/02","1","1","-1"
"verdict77496","I ZR 258/15","1","1","-1"
"verdict53482","1 StR 423/10","-1","-1","-1"
"verdict77401","1 StR 375/16","-1","-1","-1"
"verdict77448","II ZB 19/15","-1","-1","-1"
"verdict77473","3 StR 442/16","-1","-1","-1"
"verdict28406","4 StR 554/03","1","1","-1"
"verdict53434","1 StR 409/10","-1","-1","-1"
"verdict28455","3 StR 408/03","-1","-1","-1"
"verdict53411","1 StR 393/10","-1","-1","1"
"verdict53410","1 StR 218/10","-1","-1","-1"
"verdict28478","VIII ZR 195/03","-1","1","-1"
"verdict28431","VI ZR 46/03","-1","-1","-1"
"verdict53394","3 StR 308/10","-1","-1","-1"
"verdict67981","IV ZR 195/13","-99","1","1"
"verdict67957","V ZR 268/12","-99","1","-1"
"verdict53322","V ZA 1/10","-1","-1","-1"
"verdict77302","X ZR 75/15","-1","-1","-1"
"verdict77325","X ZR 118/15","1","1","-1"
"verdict77350","IV ZR 173/15","-1","-1","-1"
"verdict63994","2 ARs 123/13","-99","-1","-1"
"verdict48369","I ZR 195/06","-1","-1","-1"
"verdict73349","VII ZB 48/13","-1","-1","-1"
"verdict24392","XI ZR 420/01","-1","-1","-1"
"verdict73350","1 ARs 31/14","-99","-99","-1"
"verdict24344","IX ZB 395/02","-1","-1","-1"
"verdict48323","VI ZR 294/08","-1","-1","-1"
"verdict24367","VI ZR 109/02","-1","-1","-1"
"verdict63922","AnwZ (Brfg) 5/13","-1","-1","-1"
"verdict38979","VII ZB 28/06","-1","-1","-1"
"verdict48394","III ZB 15/09","-99","-99","1"
"verdict73303","III ZB 37/15","-1","-1","-1"
"verdict73285","5 StR 422/15","1","1","-1"
"verdict38943","5 StR 465/06","-1","-1","-1"
"verdict24267","IX ZR 247/98","-1","-1","-1"
"verdict63871","3 StR 496/12","1","1","1"
"verdict48246","2 ARs 98/09","-99","-99","-1"
"verdict73215","III ZR 304/15","-99","1","1"
"verdict73214","II ZB 28/14","1","1","-1"
"verdict63846","2 StR 392/12","1","1","-1"
"verdict48223","IX ZR 114/07","-1","-1","-1"
"verdict73238","VII ZR 77/15","1","1","-1"
"verdict24221","V ZR 416/97","1","1","1"
"verdict24220","VIII ZR 76/99","-1","-1","-1"
"verdict63823","3 StR 41/13","-1","-1","-1"
"verdict24244","BLw 21/00","-99","-99","-1"
"verdict73262","2 StR 373/15","1","1","-1"
"verdict48295","2 StR 61/09","-1","-1","-1"
"verdict48271","2 StR 183/09","-1","-1","-1"
"verdict24292","1 StR 326/02","-1","-1","-1"
"verdict38844","3 StR 489/06","-1","-1","-1"
"verdict38843","3 StR 445/06","1","1","-1"
"verdict73186","3 StR 434/15","-1","-1","-1"
"verdict73573","VI ZR 130/14","1","1","-1"
"verdict48570","IV ZR 247/08","-1","-1","1"
"verdict48545","3 StR 171/09","1","1","-1"
"verdict24591","5 StR 368/02","1","1","-1"
"verdict73525","4 StR 322/15","1","1","-1"
"verdict73549","I ZR 83/14","-1","-1","-1"
"verdict73550","I ZR 143/14","-1","-1","-1"
"verdict48522","2 StR 576/08","1","1","1"
"verdict24567","V ZR 218/01","1","1","-1"
"verdict24520","I ZR 177/00","1","1","1"
"verdict24519","5 ARs 33/02","-99","-99","-1"
"verdict48470","III ZA 10/09","-1","-1","-1"
"verdict73449","3 StR 277/09","-99","-99","-1"
"verdict48469","Xa ZR 79/08","-1","-1","-1"
"verdict48446","1 StR 745/08","-1","-1","-1"
"verdict73497","EnZR 70/14","-1","-1","-1"
"verdict48494","V ZB 3/09","-1","-1","-1"
"verdict24420","3 StR 325/02","1","1","-1"
"verdict24419","3 StR 319/02","-1","-1","-1"
"verdict24444","IX ZR 498/00","-1","-1","1"
"verdict38544","IX ZR 164/05","-1","-1","-1"
"verdict38521","3 StR 464/06","-1","-1","-1"
"verdict38592","IX ZR 173/03","1","1","-1"
"verdict63535",,"-99","-99","-1"
"verdict63512","V ZB 20/12","1","1","-1"
"verdict63484","X ZR 61/08","-1","-1","-1"
"verdict38433","4 StR 404/06","1","1","-1"
"verdict38409","XII ZR 92/04","1","1","-1"
"verdict38408","XII ZR 63/04","1","1","1"
"verdict63460","IX ZR 100/11","-1","-1","-1"
"verdict63459","IX ZR 69/12","1","1","-1"
"verdict63436","2 StR 453/12","1","1","1"
"verdict38479","IV ZR 261/04","-1","-1","-1"
"verdict38480","IV ZR 14/06","-1","-1","-1"
"verdict63384","1 StR 416/12","1","1","-1"
"verdict63360","3 StR 199/12","1","1","-1"
"verdict24145","I ZR 251/99","-1","-1","-1"
"verdict38791","2 StR 555/06","1","1","-1"
"verdict24168","VII ZB 13/99","-1","-1","-1"
"verdict63723","5 StR 81/13","-1","-1","-1"
"verdict73114","5 StR 440/15","1","1","-1"
"verdict38767","VII ZB 92/05","1","1","-1"
"verdict73138","2 StR 369/15","1","1","-1"
"verdict24121","X ZR 89/98","1","1","-1"
"verdict38744","5 StR 304/06","1","1","-1"
"verdict48183","2 StR 147/09","-1","-1","-1"
"verdict63795","1 StR 73/13","-1","-1","-1"
"verdict48160","2 StR 81/09","-1","-1","1"
"verdict48135","V ZB 180/08","-1","-1","-1"
"verdict24193","IX ZR 180/99","1","1","-1"
"verdict24192","V ZR 420/98","1","1","-1"
"verdict38719","V ZR 249/05","-99","-1","-1"
"verdict38720","VI ZR 196/05","1","1","1"
"verdict63624","I ZR 4/12","-99","1","1"
"verdict63600","III ZR 87/12","-1","-1","-1"
"verdict24033","X ZB 20/99","-1","-1","-1"
"verdict73015","IX ZB 3/15","1","1","-1"
"verdict24009","3 StR 462/00","-1","-1","-1"
"verdict38620","IX ZB 36/06","-1","-1","-1"
"verdict48059","VI ZR 268/08","-1","-1","-1"
"verdict63671","4 StR 518/12","1","1","-1"
"verdict24056","I ZR 265/99","1","1","-1"
"verdict48012","IX ZR 214/06","-1","-1","-1"
"verdict63647","IX ZR 222/12","-1","-1","-1"
"verdict24081","2 StR 507/99","-1","-1","-1"
"verdict38692","VII ZB 40/06","-1","-1","-1"
"verdict57282","IX ZR 100/10","1","1","-1"
"verdict57281","IX ZB 218/10","-1","-1","1"
"verdict57257","IV ZB 8/11","-1","-1","-1"
"verdict72882","3 StR 339/15","-1","-1","-1"
"verdict23840","XII ZR 189/99","-1","-1","-1"
"verdict47831","2 StR 64/09","-1","-1","-1"
"verdict23839","IX ZR 429/98","-1","-1","-1"
"verdict23864","3 StR 410/99","1","1","-1"
"verdict47807","IX ZR 249/06","-1","-1","1"
"verdict47806","IX ZR 248/06","-1","-1","-1"
"verdict72834","5 StR 345/15","-1","-1","-1"
"verdict72857","IX ZR 103/14","-1","-1","-1"
"verdict23816","IX ZR 336/98","-1","-1","-1"
"verdict57234","III ZR 196/10","-1","-1","-1"
"verdict57211","XII ZB 628/10","1","1","-1"
"verdict33255","V ZR 225/04","1","1","-1"
"verdict23887","I ZR 14/99","1","1","-1"
"verdict33232","IX ZR 67/01","-1","-1","1"
"verdict57182","XI ZR 215/09","1","1","-1"
"verdict33180","1 StR 290/04","-1","-1","-1"
"verdict57134","IX ZA 82/11","-99","-1","-1"
"verdict33179","1 StR 235/05","-1","-1","-1"
"verdict72782","IV ZR 68/15","-1","1","-1"
"verdict23728","IX ZR 81/99","1","1","-1"
"verdict23752","IX ZR 229/99","-1","-1","-1"
"verdict72710","NotSt(B) 1/15","-1","-1","-1"
"verdict72734","XI ZR 244/14","-99","-99","-1"
"verdict57111","IX ZR 140/10","-1","-1","-1"
"verdict57481","XI ZR 472/10","-1","-1","-1"
"verdict33431","3 StR 178/05","1","1","-1"
"verdict33407","V ZR 328/03","1","1","-1"
"verdict57457","4 StR 548/10","-99","-1","-1"
"verdict33478","NotZ 14/05","-1","-1","-1"
"verdict57410","2 StR 435/10","1","1","-1"
"verdict33454","V ZB 48/05","1","1","-1"
"verdict47942",,"-1","-99","-1"
"verdict72909","1 StR 162/15","-99","1","-1"
"verdict72910","1 StR 164/15","-1","-1","-1"
"verdict23964","I ZR 279/99","-1","-1","-1"
"verdict33307","3 StR 145/05","1","1","-1"
"verdict47918",,"-1","-99","1"
"verdict72933","2 StR 238/15","1","1","-1"
"verdict23987","V ZR 452/99","1","1","-1"
"verdict72957","5 StR 439/15","-1","-1","-1"
"verdict23915","XII ZB 58/97","-1","-1","-1"
"verdict23940","V ZR 461/99","1","1","-1"
"verdict23939","VII ZR 167/99","1","1","-1"
"verdict57357","2 StR 164/11","1","1","-1"
"verdict57333","VIII ZR 279/10","1","1","-1"
"verdict33378","IX ZR 276/03","1","1","-1"
"verdict57309","XII ZB 231/10","-99","-99","-1"
"verdict57310","1 StR 42/11","-1","-1","-1"
"verdict47990","1 StR 627/08","1","1","-1"
"verdict33331","XI ZR 88/04","1","1","-1"
"verdict72471","XII ZR 74/14","-1","1","-1"
"verdict72494","2 StR 242/15","1","1","-1"
"verdict47479","V ZR 161/08","-1","-1","-1"
"verdict72423","XII ZB 138/15","1","1","-1"
"verdict23453","V ZR 408/99","1","1","-1"
"verdict23476","III ZR 179/99","1","1","-1"
"verdict47407","3 StR 474/08","-1","-1","-1"
"verdict23405","X ZR 71/99","1","1","-1"
"verdict72347",,"-1","-1","-1"
"verdict47392","3 StR 51/09","-1","-1","-1"
"verdict47367","1 StR 738/08","-1","-1","-1"
"verdict72371","VI ZA 13/15","-99","-99","-1"
"verdict62980","II ZR 148/10","1","1","-1"
"verdict62979","II ZR 99/10","1","1","-1"
"verdict47320","III ZB 88/07","-1","-1","-1"
"verdict62955","IX ZR 1/12","-1","1","-1"
"verdict72323","I ZB 74/14","1","1","-1"
"verdict37904","2 StR 311/06","-1","-1","1"
"verdict23330","V ZR 491/99","1","1","-1"
"verdict62932","I ZR 150/11","1","1","1"
"verdict23329","XII ZB 22/99","1","1","-1"
"verdict37999","II ZR 7/05","1","1","-1"
"verdict23353","V ZR 487/99","-1","-1","-1"
"verdict37952","IX ZR 235/04","1","1","1"
"verdict23305","III ZR 145/98","1","1","-1"
"verdict37928","3 StR 390/06","1","1","-1"
"verdict33080","5 StR 84/04","1","1","-1"
"verdict33079","3 StR 83/05","1","1","-1"
"verdict72634","IV ZR 83/13","-1","-1","-1"
"verdict72658","VI ZR 475/14","1","1","-1"
"verdict72682","NotZ 1/15","-1","-1","-1"
"verdict57094","V ZB 141/11","1","-1","1"
"verdict23604","X ZR 140/99","1","1","-1"
"verdict23628","IX ZR 247/99","-1","-1","-1"
"verdict23699","5 StR 638/99","1","1","-1"
"verdict33032","2 StR 153/05","-1","-1","-1"
"verdict33008","II ZR 13/03","-99","-99","-1"
"verdict33007","AnwZ (B) 50/04","-99","-99","-1"
"verdict23653","1 StR 638/99","-1","-1","-1"
"verdict47631","IV ZR 88/07","-1","-1","-1"
"verdict23676","III ZR 263/98","1","1","-1"
"verdict47607","5 StR 69/09","1","-1","-1"
"verdict47578","I ZR 155/07","1","1","-1"
"verdict72511","I ZR 97/14","1","1","-1"
"verdict72558","I ZA 6/15","-1","-99","-1"
"verdict23505","4 StR 565/99","1","1","-1"
"verdict23576","I ZR 211/98","1","1","-1"
"verdict23528","3 StR 577/99","-1","-1","1"
"verdict47507","V ZB 187/08","-99","-1","1"
"verdict23552","VI ZR 381/99","1","1","-1"
"verdict18553","XII ZB 25/00","1","1","-1"
"verdict43468","IX ZB 92/06","-1","-1","-1"
"verdict43445","I ZR 165/05","-1","-1","-1"
"verdict67400","I ZR 99/12","1","1","-1"
"verdict67495","X ZR 107/12","1","-1","-1"
"verdict67471","2 StR 27/14","1","1","-1"
"verdict43492","III ZB 80/07","-1","-1","1"
"verdict18417","4 StR 47/02","-1","-1","1"
"verdict18441","XII ZR 319/00","-1","-1","-1"
"verdict18388","IX ZB 75/01","-1","-1","-1"
"verdict43321","XI ZR 223/07","-1","-1","1"
"verdict57943","XII ZB 16/11","1","1","-1"
"verdict33965","I ZR 1/02","1","1","-1"
"verdict18365","4 StR 264/00","-1","-1","-1"
"verdict57919","II ZR 277/09","1","1","-1"
"verdict57920","IV ZR 110/09","1","1","-1"
"verdict67371","4 StR 36/14","1","1","-1"
"verdict67347","EnVR 1/13","-1","-1","-1"
"verdict67324","III ZR 295/12","-1","-1","-1"
"verdict18705","2 StR 204/01","-1","1","-1"
"verdict18728","VIII ZR 14/00","1","1","-1"
"verdict18776","1 StR 328/01","1","1","-1"
"verdict18775","2 ARs 156/00","-99","-99","-1"
"verdict28120","II ZR 45/03","-1","-1","1"
"verdict28119","II ZR 44/03","-1","-1","-1"
"verdict18799","4 StR 80/02","-1","-1","-1"
"verdict18752","III ZR 29/01","1","1","1"
"verdict28068","IX ZR 76/00","-1","1","-1"
"verdict77003","5 StR 322/16","-1","-1","-1"
"verdict53023","III ZR 203/09","1","1","-1"
"verdict77026","4 StR 484/16","-99","1","-1"
"verdict43692","NotZ 1/08","-1","-1","-1"
"verdict67646","VI ZR 243/10","-99","-99","-1"
"verdict53000","3 StR 224/10","1","1","-1"
"verdict43667","1 StR 166/08","-1","-1","-1"
"verdict28021","4 StR 385/03","1","1","-1"
"verdict28020","4 StR 311/03","1","1","-1"
"verdict77049","XI ZR 552/15","1","1","-1"
"verdict67622","III ZR 182/13","-1","-1","1"
"verdict77050","XI ZR 556/15","-1","-1","-1"
"verdict18699","V ZR 252/00","1","1","1"
"verdict28044","3 StR 302/03","1","1","-1"
"verdict77073","III ZR 90/16","-1","-1","-1"
"verdict53095","2 StR 588/09","1","1","-1"
"verdict53072","V ZR 12/10","-1","-1","-1"
"verdict28091","3 StR 276/03","-1","-1","-1"
"verdict28092","3 StR 401/03","1","1","-1"
"verdict67694","4 StR 113/14","-1","-1","-1"
"verdict53047","V ZB 8/10","-1","-1","-1"
"verdict18604","2 StR 274/00","1","1","-1"
"verdict43620","IX ZB 99/06","-1","-1","1"
"verdict18676","AnwZ (B) 8/00","-99","-99","-1"
"verdict18628","XII ZB 233/01","-99","-1","-1"
"verdict67546","5 StR 106/14","1","1","-1"
"verdict67523","2 StR 590/13","-1","-1","1"
"verdict43544","IX ZB 241/06","-1","-1","-1"
"verdict18576","IX ZB 61/02","-1","-1","-1"
"verdict43521","I ZB 19/07","-1","-1","-1"
"verdict43519","4 StR 63/08","1","1","1"
"verdict67594","I ZR 41/12","-1","-1","-1"
"verdict67060","5 StR 546/13","1","1","-1"
"verdict33665","2 StR 120/05","1","1","-1"
"verdict18029","IV ZR 124/00","1","1","-1"
"verdict57621","5 StR 312/11","-1","-1","-1"
"verdict33642","XI ZR 3/04","1","1","-1"
"verdict33618","XII ZR 158/01","1","1","-1"
"verdict67036","III ZB 40/13","-1","-1","1"
"verdict67013","XII ZB 592/12","1","1","1"
"verdict57693","X ZR 7/09","-1","-1","-1"
"verdict43057","II ZR 283/06","1","1","1"
"verdict18054","3 StR 242/00","-1","-1","-1"
"verdict57668","I ZR 56/09","-1","1","-1"
"verdict33689","3 StR 196/05","1","1","-1"
"verdict57644","XII ZB 656/10","-1","-1","1"
"verdict33690","VIII ZR 347/04","1","1","-1"
"verdict18077","2 StR 41/02","-1","-1","-1"
"verdict33543","4 StR 549/04","-1","-1","1"
"verdict33518","VIII ZR 255/04","1","1","-1"
"verdict57581","VIII ZR 139/09","1","1","-1"
"verdict33590","II ZR 73/04","1","1","-1"
"verdict33591","AnwZ (B) 51/04","-99","-99","-1"
"verdict33566","I ZR 290/02","1","1","1"
"verdict57533","I ZB 77/10","1","1","-1"
"verdict67284","3 StR 23/14","1","1","-1"
"verdict67283","2 ARs 357/13","-1","-1","-1"
"verdict33917","2 StR 314/05","1","1","-1"
"verdict18265","5 StR 373/00","-1","-1","-1"
"verdict57867","4 StR 434/11","1","1","-1"
"verdict18289","I ZB 8/02","-1","-1","-1"
"verdict57844","AnwZ (B) 1/11","-1","-1","-1"
"verdict33865","1 StR 78/05","-1","-1","-1"
"verdict18217","NotZ 12/00","-1","-1","-1"
"verdict18242","XII ZR 104/00","1","1","-1"
"verdict67260","1 StR 6/14","-1","-1","-1"
"verdict43293","3 StR 481/07","1","1","1"
"verdict43268","5 StR 617/07","1","1","-1"
"verdict67235","I ZB 40/13","1","1","-1"
"verdict67212","VII ZB 65/13","1","1","-1"
"verdict43245","I ZB 11/07","-1","-1","-1"
"verdict57892","IX ZR 21/09","-1","-1","1"
"verdict67184","II ZR 154/13","1","1","-1"
"verdict67160","1 StR 40/14","-1","-1","-1"
"verdict33817","5 StR 67/05","1","1","-1"
"verdict18142","IX ZB 133/02","-1","-1","-1"
"verdict33789","VII ZR 240/03","1","1","-1"
"verdict43109","IX ZR 32/07","-1","-1","1"
"verdict33765","VIII ZR 378/04","1","1","-1"
"verdict18166","1 StR 429/01","1","1","-1"
"verdict57721","IX ZB 11/02","-1","-1","-1"
"verdict33742","2 StR 504/04","1","1","-1"
"verdict43181","IX ZR 255/06","-1","-1","-1"
"verdict67159","X ZR 148/12","1","1","-1"
"verdict67112","X ZR 42/13","-1","-1","-1"
"verdict18189","3 StR 461/01","-1","-1","-1"
"verdict18190","2 StR 412/00","1","1","-1"
"verdict43134","1 StR 653/07","-99","-1","-1"
"verdict57768","X ZR 75/08","-1","-1","-1"
"verdict57767","IX ZR 35/10","1","1","1"
"verdict27428","V ZB 34/03","1","1","-1"
"verdict27427","VII ZB 25/03","-1","-1","-1"
"verdict76409","III ZR 44/16","-1","-1","-1"
"verdict76411","XII ZB 325/16","1","1","-1"
"verdict52455","AnwZ (B) 36/09","-1","-1","-1"
"verdict27452","I ZB 5/03","-1","-1","-1"
"verdict52407","AnwZ (B) 55/09","-1","-1","-1"
"verdict27475","IXa ZB 170/03","-1","-1","1"
"verdict52355","3 StR 105/10","-1","-1","-1"
"verdict76334","XII ZB 313/16","-99","-99","-1"
"verdict76358","1 StR 575/15","1","1","-1"
"verdict76382","1 StR 99/16","1","1","-1"
"verdict42941","V ZB 16/08","-1","-1","-1"
"verdict17961","2 StR 50/01","1","1","-1"
"verdict27304","5 StR 373/03","1","1","-1"
"verdict27376","3 StR 284/03","-1","-1","-1"
"verdict66978","AnwZ (Brfg) 56/13","-1","-1","-1"
"verdict52332","II ZR 69/09","1","1","-1"
"verdict27399","VII ZB 46/02","1","1","-1"
"verdict42964","IX ZR 220/06","1","1","-1"
"verdict27328","VII ZB 39/02","-1","-1","-1"
"verdict27353","AnwSt (R) 3/02","-99","1","1"
"verdict66907","IX ZB 109/12","-1","-1","1"
"verdict52280","IV ZR 182/08","-1","-1","-1"
"verdict52279","IV ZR 168/08","-1","-1","-1"
"verdict66878","XII ZB 278/13","-1","-1","-1"
"verdict17913","III ZR 97/01","1","1","-1"
"verdict76211","4 StR 178/16","-1","-1","-1"
"verdict76258","1 StR 326/16","-1","-1","-1"
"verdict52619","VIII ZR 259/09","1","1","-1"
"verdict27640","IX ZB 35/03","-1","-1","-1"
"verdict76609","III ZR 205/15","-1","-1","-1"
"verdict76610","IX ZR 151/14","1","1","-1"
"verdict27663","V ZB 44/03","1","1","-1"
"verdict27615","II ZR 59/02","1","1","-1"
"verdict76633","V ZB 125/15","-1","-1","-1"
"verdict27639","IXa ZB 194/03","-1","-1","1"
"verdict37078","X ZR 169/04","1","1","1"
"verdict52666","2 StR 212/10","1","1","-1"
"verdict37054","KZR 39/03","1","1","-1"
"verdict27687","1 StR 406/03","-1","-1","-1"
"verdict37031","4 StR 48/06","1","1","-1"
"verdict37007","I ZR 200/03","1","1","-1"
"verdict76557","1 StR 372/16","1","1","-1"
"verdict76582","3 StR 352/16","-1","-1","-1"
"verdict27539","I ZR 176/01","-1","-1","-1"
"verdict27540","VIII ZR 135/01","1","1","-1"
"verdict76510","StB 31/16","-1","-1","1"
"verdict27564","IV ZR 398/02","-1","-1","-1"
"verdict52532","I ZR 82/08","-1","-1","-1"
"verdict52507","2 StR 245/10","-1","-1","-1"
"verdict27587","V ZR 48/03","-1","-1","-1"
"verdict52479","V ZR 244/09","1","1","-1"
"verdict76434","2 StR 352/15","1","1","-1"
"verdict27005","II ZR 109/02","-1","-1","-1"
"verdict42630","AnwZ (B) 102/05","-1","-1","-1"
"verdict42629","4 StR 571/07","1","1","-1"
"verdict27030","XII ZR 83/02","-1","-1","1"
"verdict27029","XII ZR 303/02","1","1","1"
"verdict42605","VIII ZR 269/06","1","1","-1"
"verdict66580","5 StR 596/13","1","1","-1"
"verdict66579","5 StR 585/13","-1","-1","-1"
"verdict42577","BLw 15/07","-1","-1","-1"
"verdict66508","4 StR 261/13","1","1","-1"
"verdict42529","4 StR 576/07","1","1","1"
"verdict42477","IX ZB 189/06","1","1","-1"
"verdict42430","III ZR 96/07","-1","-1","-1"
"verdict42429","III ZR 95/07","-1","-1","-1"
"verdict66492","IV ZR 235/11","-1","-1","-1"
"verdict42805","VIII ZR 337/06","1","1","-1"
"verdict17861",,"1","1","-1"
"verdict17837","VII ZR 249/00","1","1","-1"
"verdict66855","X ZR 3/13","1","1","1"
"verdict27276","2 StR 192/03","1","1","-1"
"verdict42876","VIII ZR 254/06","1","1","-1"
"verdict42852","5 StR 553/07","-1","-1","-1"
"verdict27205","IX ZB 56/03","-1","-1","-1"
"verdict17884","3 StR 372/01","-1","-1","-1"
"verdict42828","AnwZ (B) 111/06","-1","-1","-1"
"verdict27228","3 StR 321/03","1","1","-1"
"verdict27176","1 StR 147/03","-1","-1","-1"
"verdict52132","I ZR 128/07","1","1","-1"
"verdict52108","V ZB 230/09","-1","-1","-1"
"verdict76100","5 StR 274/16","-1","-1","-1"
"verdict76123","3 StR 283/16","1","1","-1"
"verdict42776","III ZR 57/07","-1","-1","-1"
"verdict66731","XII ZR 12/13","-1","1","-1"
"verdict27153","5 StR 524/02","-1","-99","-1"
"verdict66707","AnwZ (Brfg) 71/13","-1","-1","-1"
"verdict42705","XII ZR 132/05","-1","-1","-1"
"verdict27105","5 StR 338/03","-1","-1","-1"
"verdict17785","1 StR 293/00","-1","1","-1"
"verdict52068","VI ZR 34/09","-99","1","-1"
"verdict76047","2 StR 451/15","1","1","-1"
"verdict66680","XII ZB 528/13","-1","-1","-1"
"verdict66679","XII ZB 527/13","-1","-1","-1"
"verdict27053","2 StR 304/03","-1","-1","1"
"verdict76071","4 StR 304/16","1","1","-1"
"verdict52021","II ZR 3/09","1","1","1"
"verdict66655","III ZB 1/14","-1","-1","-1"
"verdict66656","IX ZB 9/12","1","1","-1"
"verdict66632","KZR 56/11","-1","-1","-1"
"verdict76023","XII ZB 110/16","-1","-1","-1"
"verdict47021","I ZB 30/06","-1","-1","-1"
"verdict23042","IX ZR 160/98","-1","-1","-1"
"verdict62644","IX ZR 124/10","-1","-1","-1"
"verdict37688","IX ZB 24/06","-99","1","-1"
"verdict72012","XII ZB 92/15","1","1","-1"
"verdict23066","5 StR 444/99","1","1","-1"
"verdict62621","XI ZR 511/11","-99","-99","-1"
"verdict23018","AnwZ(B) 35/99","-1","-1","-1"
"verdict72048","XII ZB 30/15","1","1","-1"
"verdict47068","VII ZB 79/08","-1","-1","-1"
"verdict23090","KZR 37/99","1","1","-1"
"verdict23089","VI ZR 64/99","1","1","-1"
"verdict47044","IX ZB 190/07","-1","-1","-1"
"verdict37617","III ZR 33/06","-1","-1","-1"
"verdict37565","4 StR 279/06","1","1","-1"
"verdict62592","5 StR 426/12","1","1","-1"
"verdict62568","IV ZR 64/11","-1","-1","-1"
"verdict62545","2 StR 235/12","1","1","-1"
"verdict37517","1 StR 327/06","1","1","-1"
"verdict23289","AnwZ (B) 10/00","-1","-1","-1"
"verdict23288","X ZB 23/99","-1","-1","-1"
"verdict72247","3 StR 265/15","1","1","-1"
"verdict62880","3 StR 456/12","1","1","-1"
"verdict47244","IX ZR 159/07","-1","-1","-1"
"verdict62879","3 StR 433/12","1","1","-1"
"verdict62832","VIII ZR 89/12","-1","-1","-1"
"verdict72295","NotZ(Brfg) 6/14","-1","-1","-1"
"verdict47219","IX ZR 79/07","1","1","-1"
"verdict72200","IX ZB 38/15","-1","-1","-1"
"verdict23218","3 StR 500/99","1","1","-1"
"verdict23217","I ZR 205/97","1","1","-1"
"verdict37876","I ZR 229/03","-1","-1","-1"
"verdict37853","2 ARs 305/06","-1","-1","1"
"verdict37828","VIII ZR 100/05","-1","-1","-1"
"verdict37804","2 StR 268/06","-1","-1","-1"
"verdict47145","3 StR 521/08","-1","-1","-1"
"verdict23165","I ZR 163/99","1","1","-1"
"verdict62768","4 StR 369/12","1","1","-1"
"verdict72124","X ARZ 174/15","-99","-99","-1"
"verdict23190","XII ZR 279/97","1","1","-1"
"verdict23189","XI ZR 235/99","-1","1","-1"
"verdict72171","1 StR 340/15","-1","1","-1"
"verdict23142","I ZR 168/99","1","1","-1"
"verdict47192","3 StR 21/08","1","1","1"
"verdict47168","IX ZR 62/08","-1","-1","-1"
"verdict62792","XII ZR 48/11","-1","-1","1"
"verdict72101","2 ARs 120/15","-99","-1","-1"
"verdict72072","XI ZR 263/14","-99","1","1"
"verdict23118","NotZ 19/99","-1","-1","-1"
"verdict72095","I ZB 73/14","-1","-1","-1"
"verdict37705","5 StR 391/06","1","1","-1"
"verdict37218","IX ZB 171/05","-1","-1","-1"
"verdict76868","VI ZR 200/15","1","1","-1"
"verdict52818","5 StR 42/10","1","1","-1"
"verdict76893","2 StR 204/16","1","1","-1"
"verdict62257","2 StR 340/12","1","1","-1"
"verdict37289","3 StR 75/06","-1","-1","-1"
"verdict37290","5 StR 232/06","1","1","-1"
"verdict62234","IX ZR 117/11","1","1","-1"
"verdict37266","5 StR 152/06","1","1","-1"
"verdict52889","3 StR 138/10","-1","-1","-1"
"verdict52890","3 StR 219/10","1","1","-1"
"verdict52866","V ZA 6/10","-1","-1","-1"
"verdict76821","4 StR 370/16","-1","-1","-1"
"verdict62182","2 StR 288/12","-1","-1","-1"
"verdict27815","VI ZB 41/03","-1","-1","-1"
"verdict27838","VIII ZR 41/03","-1","-1","-1"
"verdict27763","V ZR 144/03","-1","-1","1"
"verdict52718","2 StR 78/10","1","1","-1"
"verdict27786","1 StR 472/03","-1","-1","-1"
"verdict27739","IX ZR 25/02","-1","-99","-1"
"verdict76745","3 StR 351/16","1","1","-1"
"verdict62134","5 StR 432/12","1","1","-1"
"verdict62110","AnwZ (Brfg) 38/12","-1","-1","-1"
"verdict62109","KVZ 27/12","-1","-1","-1"
"verdict37178","IV ZR 271/05","1","1","1"
"verdict37154","5 StR 485/05","1","1","-1"
"verdict37131","VIII ZR 229/04","-99","-99","-1"
"verdict62082","III ZR 312/11","-1","-1","-1"
"verdict62058","1 StR 137/12","-1","-1","-1"
"verdict62035","X ZR 90/10","-1","-99","1"
"verdict62034","VIII ZR 25/12","1","1","-1"
"verdict62421","StB 13/12","-1","-1","-1"
"verdict37466","AnwZ (B) 18/06","-1","-1","-1"
"verdict37442","IV ZR 99/05","-1","-1","1"
"verdict62493","XII ZB 271/12","1","1","-1"
"verdict62470","XI ZR 500/11","-1","-1","1"
"verdict62445","II ZR 280/11","1","1","-1"
"verdict37489","2 StR 231/06","1","1","-1"
"verdict37490","2 StR 321/06","-99","1","-1"
"verdict62393","XII ZB 664/10","-1","-1","-1"
"verdict76944","4 StR 558/16","-99","1","-1"
"verdict37342","2 StR 162/06","-1","-1","-1"
"verdict76968","I ZR 30/15","1","1","-1"
"verdict52942","AnwZ (B) 115/09","-1","-1","-1"
"verdict27974","III ZR 118/03","1","1","-1"
"verdict76992","X ZR 89/14","-1","-1","-1"
"verdict37318","5 StR 271/06","-1","1","1"
"verdict52917","XII ZB 150/10","-1","-1","-1"
"verdict62370","IX ZB 120/11","-1","-1","-1"
"verdict62369","5 StR 533/12","-1","-1","-1"
"verdict62345","5 StR 517/12","1","1","1"
"verdict37389","4 StR 160/06","1","1","-1"
"verdict37390","4 StR 215/06","1","1","-1"
"verdict52989","1 StR 345/10","-1","-1","-1"
"verdict62281","2 StR 321/12","-1","-1","-1"
"verdict27951","I ZR 294/02","-1","-1","-1"
"verdict27938","III ZB 67/03","1","1","-1"
"verdict71532","3 StR 89/15","1","1","-1"
"verdict71579","2 StR 398/14","1","1","-1"
"verdict22514","II ZR 209/98","1","1","-1"
"verdict71507","AnwZ (Brfg) 11/15","-1","-1","-1"
"verdict46576","3 StR 497/08","1","1","-1"
"verdict46552","III ZR 271/07","-1","-1","-1"
"verdict22562","I ZR 132/98","1","1","-1"
"verdict46528","V ZB 81/08","1","1","-1"
"verdict22586","1 StR 568/99","1","1","-1"
"verdict22585","AnwZ (B) 42/99","-1","-1","-1"
"verdict46476","1 StR 689/08","-1","-1","-1"
"verdict71433","EnVR 84/10","-1","-1","-1"
"verdict71432","AnwZ (Brfg) 12/15","-1","-1","-1"
"verdict71456","IX ZB 52/14","-1","-1","-1"
"verdict71480","VIII ZR 148/14","1","1","-1"
"verdict22426","XII ZR 62/98","1","1","-1"
"verdict71408","VIII ZR 164/14","1","1","-1"
"verdict46452","5 StR 426/08","-1","-1","-1"
"verdict22474","X ZR 247/98","-1","1","-1"
"verdict22497","VII ZR 258/98","1","1","-1"
"verdict46405","XI ZR 395/07","-1","-1","-1"
"verdict56179","VIII ZR 106/10","-1","-1","-1"
"verdict71791","IX ZB 42/15","-1","-1","-1"
"verdict22813","X ZB 24/99","-1","-1","-1"
"verdict46740","III ZB 59/07","-1","-1","-1"
"verdict22785","XII ZR 281/98","1","1","-1"
"verdict71719","2 StR 75/15","1","1","-1"
"verdict46716","IX ZB 114/08","-1","-1","-1"
"verdict71743","VIII ZR 278/13","1","1","-1"
"verdict22737","IX ZR 317/98","1","1","-1"
"verdict71767","3 StR 154/15","1","1","1"
"verdict32177","5 StR 393/04","-1","-1","-1"
"verdict32176","5 StR 365/04","-1","-1","1"
"verdict56107","XI ZR 104/09","-1","-1","1"
"verdict56080","5 StR 100/11","-1","-1","-1"
"verdict71655","3 StR 52/15","1","1","-1"
"verdict71678","IX ZB 20/15","-1","-1","-1"
"verdict22637","3 StR 363/99","1","1","-1"
"verdict46616","VI ZB 82/08","-1","-1","-1"
"verdict22661","III ZB 67/99","-1","-1","1"
"verdict71608","5 StR 229/15","1","1","-1"
"verdict71632","AK 15/15","-99","-99","-1"
"verdict22614","IX ZR 335/98","-1","-1","-1"
"verdict22613","VII ZR 407/99","1","1","-1"
"verdict32053","XII ZR 162/01","1","1","-1"
"verdict56008","IV ZR 177/10","1","1","-1"
"verdict22685","4 StR 392/01","1","1","-1"
"verdict46664","V ZR 28/08","1","1","-1"
"verdict32005","VI ZR 172/04","-1","-1","-1"
"verdict46177","AnwZ (B) 97/07","-99","-99","-1"
"verdict22198","2 StR 301/02","1","1","1"
"verdict46153","VI ZB 65/07","-1","-1","-1"
"verdict46130","IV ZR 29/05","-1","-1","-1"
"verdict61753","4 StR 277/12","1","1","-1"
"verdict71193","I ZB 73/14","-1","-1","-1"
"verdict36798","IX ZB 46/06","-1","-1","-1"
"verdict36797","II ZR 209/04","1","1","-1"
"verdict46129","IV ZR 305/05","-1","-1","-1"
"verdict22175","2 ARs 276/02","-99","-99","-1"
"verdict22174","2 ARs 267/02","-99","-99","-1"
"verdict61730","VI ZB 40/12","-1","-1","-1"
"verdict71121","5 StR 132/15","-1","-1","-1"
"verdict36702","IX ZR 1/03","-1","-1","-1"
"verdict36774","IX ZR 159/04","1","1","-1"
"verdict61729","V ZR 242/11","-1","-1","-1"
"verdict61706","X ZR 3/10","-99","1","-1"
"verdict36751","VII ZB 23/06","1","1","-1"
"verdict36726","3 StR 189/06","-1","-1","-1"
"verdict46042","V ZR 148/02","-1","1","1"
"verdict61654","4 StR 272/12","1","1","-1"
"verdict46018","II ZR 211/08","-99","-99","-1"
"verdict71068",,"-99","-99","-1"
"verdict36674","2 StR 72/06","-1","-1","-1"
"verdict22051","1 StR 244/02","-1","-1","-1"
"verdict71093","I ZB 23/14","-1","-1","-1"
"verdict46089","5 StR 383/08","-1","-1","-1"
"verdict36651","I ZR 65/03","1","1","-1"
"verdict22027","2 StR 62/02","-1","-1","1"
"verdict36626","VI ZB 7/05","1","1","-1"
"verdict36603","IX ZR 189/04","-1","-1","-1"
"verdict71379","AnwZ (Brfg) 8/15","-1","-1","-1"
"verdict22398","X ZR 144/98","1","1","-1"
"verdict46353","2 StR 493/08","1","1","-1"
"verdict71356","VII ZB 65/12","1","1","-1"
"verdict36937","3 StR 177/06","1","1","-1"
"verdict22303","V ZR 468/99","1","1","-1"
"verdict61953","2 StR 313/12","1","1","-1"
"verdict46329","IV ZR 194/06","-1","-1","-1"
"verdict61930","1 StR 160/12","1","1","-1"
"verdict22326","X ZR 209/99","1","1","1"
"verdict61928","IX ZR 2/12","-99","-99","-1"
"verdict46305","I ZR 158/05","-1","-1","1"
"verdict61905","X ZR 2/10","-99","-99","-1"
"verdict36962","5 StR 77/06","1","1","-1"
"verdict71257","2 StR 106/15","1","1","-1"
"verdict46277","XII ZB 110/06","-1","-1","-1"
"verdict22274","XII ZR 85/98","1","1","-1"
"verdict61877","3 StR 342/12","1","1","-1"
"verdict22298","I ZB 56/98","1","1","-1"
"verdict61853","IX ZR 201/10","-1","-1","1"
"verdict71233","IV ZR 138/14","-1","-1","-1"
"verdict46229","VIII ZR 270/07","1","1","-1"
"verdict36873","IX ZB 33/04","-1","-1","-1"
"verdict61805","VI ZR 238/11","1","1","-1"
"verdict22227","VIII ZR 251/01","-1","-1","-1"
"verdict36826","IX ZA 17/05","-99","-99","1"
"verdict32851","3 StR 95/05","1","1","-1"
"verdict56805","1 StR 20/11","-1","-1","-1"
"verdict32803","III ZR 264/04","1","1","-1"
"verdict56788","4 StR 233/11","1","1","-1"
"verdict32798","AnwZ (B) 45/04","-1","-1","-1"
"verdict56765","I ZR 181/09","-1","-1","-1"
"verdict56718","5 StR 134/11","-1","-1","-1"
"verdict32751","VIII ZR 110/04","-1","-1","-1"
"verdict66145","VII ZR 105/13","-1","-1","-1"
"verdict42166","4 StR 481/07","-1","1","-1"
"verdict66093","XI ZR 25/13","-1","-1","-1"
"verdict66070","III ZR 263/12","-1","-1","-1"
"verdict32727","IX ZR 278/02","-1","-1","-1"
"verdict32703","I ZB 10/04","-1","-1","-1"
"verdict42019","5 StR 325/07","-1","-1","-1"
"verdict56642","V ZR 166/10","-1","-1","1"
"verdict32687","XII ZR 248/04","-99","-99","-1"
"verdict32686","VIII ZR 260/04","1","1","-1"
"verdict56618","I ZR 199/09","-1","-1","-1"
"verdict56617","5 StR 56/11","-99","-99","-1"
"verdict66069","II ZB 4/13","-1","-1","-1"
"verdict66045","XII ZR 142/12","-1","-1","-1"
"verdict42067","IX ZR 34/04","1","1","-1"
"verdict42066","IX ZR 27/05","1","1","-1"
"verdict56689","III ZR 157/10","1","1","-1"
"verdict42043","KZR 33/06","-1","-1","-1"
"verdict42406","4 StR 345/07","1","1","-1"
"verdict42405","4 StR 306/07","-1","1","-1"
"verdict66344","XI ZR 295/12","-1","-1","-1"
"verdict42389","BLw 26/07","-99","-99","-1"
"verdict66321","EnVR 30/12","-99","-1","1"
"verdict42342","1 StR 411/07","1","1","-1"
"verdict56976","IX ZA 60/11","-1","-1","-1"
"verdict32998","AnwZ 3/03","-99","-99","-1"
"verdict42317","IX ZA 21/07","-99","-1","1"
"verdict42390","BLw 26/07","-1","-99","-1"
"verdict66368","5 StR 521/13","1","1","-1"
"verdict32974","II ZR 224/03","1","1","-1"
"verdict32950","VIII ZB 3/05","-1","-1","-1"
"verdict56905","V ZR 122/10","1","1","-1"
"verdict32926","2 StR 454/04","1","1","-1"
"verdict32903","AnwZ (B) 39/04","-99","-99","1"
"verdict66221","I ZR 3/13","-1","-1","-1"
"verdict42266","I ZB 56/06","-1","-1","-1"
"verdict42243","III ZR 210/06","1","1","-1"
"verdict42242","StB 12/07","1","1","-1"
"verdict56877","EnVR 34/10","1","1","-1"
"verdict32898","I ZR 131/02","1","1","-1"
"verdict42218","II ZB 12/07","-1","-1","-1"
"verdict32874","VIII ZR 216/04","1","1","-1"
"verdict66293","2 StR 460/13","1","1","-1"
"verdict56391","IX ZB 229/10","1","1","-1"
"verdict71943","I ZA 1/15","-1","-1","-1"
"verdict22996","IX ZR 453/99","1","1","-1"
"verdict32339","XI ZR 250/04","-1","-1","-1"
"verdict32341","1 StR 93/05","-1","-1","-1"
"verdict46963","VIII ZR 62/08","1","1","-1"
"verdict71966","1 StR 227/15","-1","-1","-1"
"verdict32316","5 StR 222/04","1","1","1"
"verdict46940","III ZR 96/08","-1","-1","-1"
"verdict71989","IV ZB 10/15","-1","-1","1"
"verdict71990","IV ZR 94/14","-1","-1","-1"
"verdict46915","5 StR 574/08","-1","-1","-1"
"verdict56366","V ZR 8/10","-1","-99","1"
"verdict56343","V ZB 239/10","-99","-99","-1"
"verdict32364","AnwZ (B) 92/04","-1","-1","-1"
"verdict56278","3 StR 130/11","1","1","-1"
"verdict22913","IX ZR 183/98","1","1","-1"
"verdict46864","IV ZB 45/08","-1","1","-1"
"verdict71843","2 StR 166/15","1","1","-1"
"verdict22837","5 StR 597/99","-1","-1","-1"
"verdict22861","X ZB 15/98","1","1","-1"
"verdict71891","IX ZR 110/13","-99","-99","-1"
"verdict56255","2 StR 665/10","1","1","-1"
"verdict56232","I ZB 81/09","1","-1","-1"
"verdict32288","IX ZB 277/03","-1","-1","-1"
"verdict32264","I ZR 45/03","-1","-1","-1"
"verdict56207","2 StR 34/11","-1","-1","-1"
"verdict46887","4 StR 603/08","-1","-1","-1"
"verdict32616","XII ZA 11/04","-99","-99","-1"
"verdict32615","V ZR 221/04","-99","1","-1"
"verdict56543","IV ZB 16/10","-1","-1","-1"
"verdict32587","I ZR 128/02","-1","-1","-1"
"verdict56518","1 StR 190/11","-1","1","-1"
"verdict32563","X ZR 123/03","-1","-1","-1"
"verdict32539","VII ZB 18/05","1","1","-1"
"verdict32540","VI ZR 313/03","1","1","-1"
"verdict56590","2 StR 651/10","-1","-1","-1"
"verdict56589","1 StR 687/10","-1","-1","-1"
"verdict56566","5 StR 110/11","1","1","-1"
"verdict56418","IV ZR 148/09","1","1","-1"
"verdict32464","4 StR 17/05","1","1","-1"
"verdict32440","2 ARs 85/05","-99","-1","-1"
"verdict32416","KVZ 7/03","-1","-1","-1"
"verdict56442","XI ZR 92/09","-1","-1","1"
"verdict32487","XI ZR 135/04","1","1","-1"
